ÒÚ‡Ú¸ˇ;‡‚ÚÓ˚;ˆËÚËÛ˛Ú;ÊÛÌ‡Î;ÒÚ‡Ì‡
LDPC coded lossy forwarding scheme for cooperative wireless networks;['JAYAKODY DNK'];['GOMADAM KRISHNA SRIKANTH', 'JAFAR SYED ALI', 'JAYAKODY DUSHANTHA N K', 'FLANAGAN MARK F', 'LI YONGHUI', 'VUCETIC BRANKA', 'WONG TAN F'];ELECTRONICS LETTERS;Russia
Transformation of Antenna Generalized Scattering Matrix During Rotation and Linear Displacement;['KOVALYOV IP', 'KUZIKOVA NI', 'PONOMAREV DM'];['BRUNING JH', 'LO YT', 'CRUZAN OR', 'HAMID AK', 'CIRIC IR', 'HAMID M', 'HANSEN THORKILD B', 'IZQUIERDO JUAN F', 'RUBIO JESUS', 'ZAPATA JUAN', 'KIM KT', 'LEWIS RL', 'RUBIO J', 'GONZALEZ M A', 'ZAPATA J', 'GONZALEZ MA', 'SCHMIDT CARSTEN H', 'EIBERT THOMAS F', 'STEIN S', 'STRATTON JA', 'WASYLKIWSKYJ W', 'KAHN WK'];IEEE TRANSACTIONS ON ANTENNAS AND PROPAGATION;Russia
GREEN ROUTING PROTOCOLS FOR WIRELESS MULTIMEDIA SENSOR NETWORKS;['HAN GJ', 'JIANG JF', 'GUIZANI M', 'RODRIGUES JJPC'];['CANETE EDUARDO', 'DIAZ MANUEL', 'LLOPIS LUIS', 'CAO XIAO', 'WANG RU-CHUAN', 'HUANG HAI-PING', 'COBO LUIS', 'QUINTERO ALEJANDRO', 'PIERRE SAMUEL', 'DAI RUI', 'WANG PU', 'AKYILDIZ IAN F', 'HAN GUANGJIE', 'DONG YUHUI', 'GUO HUI', 'HOUNGBADJI THERENCE', 'KANDRIS DIONISIS', 'TSAGKAROPOULOS MICHAIL', 'POLITIS ILIAS', 'LI FANG-MIN', 'FANG YI-LIN', 'LI HENG', 'LIN KAI', 'RODRIGUES JOEL J P C', 'GE HONGWEI', 'MEDJIAH SAMIR', 'AHMED TOUFIK', 'ASGARI ABOLGHASEM HAMID', 'SHU LEI', 'ZHANG YAN', 'YANG LAURENCE T', 'TAHIR M', 'FARRELL R', 'YAO LAN', 'WEN WENJING', 'GAO FUXIANG'];IEEE WIRELESS COMMUNICATIONS;Russia
Temporal and Dose Kinetics of Tunnel Relaxation of Non-Equilibrium Near-Interfacial Charged Defects in Insulators;['ZEBREV GI', 'DROSDETSKY MG'];['BARNABY H J', 'CONLEY JF', 'LENAHAN PM', 'LELIS AJ', 'DERBENWICK GF', 'SANDER HH', 'EMELIANOV VV', 'MESHUROV OV', 'ULIMOV VN', 'FLEETWOOD DANIEL M', 'FLEETWOOD DM', 'MILLER SL', 'REBER RA', 'WINOKUR PS', 'SCHWANK JR', 'GRASSER TIBOR', 'KACZER BEN', 'GOES WOLFGANG', 'LAKSHMANNA V', 'VENGURLEKAR AS', 'OLDHAM TR', 'BOESCH HE', 'DRESSENDORFER PV', 'MCLEAN FB', 'MCWHORTER AL', 'MCWHORTER PJ', 'MILLER WM', 'SCHMIDT M', 'KOSTER H', 'SCHWANK JAMES R', 'SHANEYFELT MARTY R'];IEEE TRANSACTIONS ON NUCLEAR SCIENCE;Russia
Method of contour integrals for the analysis of complex nonlinear distortions of narrowband Gaussian random processes;['SHINAKOV YS'];['GRADSHTEYN IS', 'MRABET N', 'MOHAMMAD I', 'MKADEM F', 'SALEH AAM', 'SEO MUNKYO', 'URTEAGA MIGUEL', 'YOUNG ADAM', 'SHINAKOV YU S', 'YOUNG-HOON KIM', 'GWEON DO JO', 'JUNG-HOON OH', 'YU HUA', 'KOK CHI-WAH', 'WEI GANG'];JOURNAL OF COMMUNICATIONS TECHNOLOGY AND ELECTRONICS;Russia
On the distortion of the rising edge of a carrier-free signal;['BUKHMAN NS'];['¿ÀÀ»Õ »¬', ' –ﬁ Œ¬— »… ¿—', 'ALLIN IV', 'KRYUKOVSKY AS', 'ARMAND NA', 'BOROVIKOV VA', 'BRILLOUIN L', 'BUKHMAN N S', 'MACKE BRUNO', 'SEGARD BERNARD', 'SMIRNOV VI', 'SOBOLEV VV', 'SOMMERFELD A', 'STRELKOV G M', 'STRELKOV GM', 'GASHEVSKAYA OS', 'VAGANOV RB'];JOURNAL OF COMMUNICATIONS TECHNOLOGY AND ELECTRONICS;Russia
Electric model of an aircraft in problems of short-range radar of air targets;['BORZOV AB', 'LASTOVETSKII AE', 'KLEPKA SP', 'LIKHOEDENKO KP', 'SUCHKOV VB', 'SHAKHTARIN BI'];['FADEEV DK', 'PAVLOV GL'];JOURNAL OF COMMUNICATIONS TECHNOLOGY AND ELECTRONICS;Russia
Distribution of the surface radio brightness of asteroid Golevka constructed from the radar data;['GAVRIK YA', 'GAVRIK AL', 'SMYSLOV AA'];['CAMPBELL DB', 'PETTENGILL GH', 'SHAPIRO II', 'DEPATER I', 'PALMER P', 'MITCHELL DL', 'DI MARTINO M', 'MONTEBUGNOLI S', 'CEVOLANI G', 'GAVRIK YU A', 'GAVRIK A L', 'GOLDSTEIN RM', 'HOLDRIDGE DB', 'LIESKE JH', 'HUDSON RS', 'OSTRO SJ', 'JURGENS RF', 'ROSEMA KD', 'CONNELLY R', 'BELKORA L', 'BENNER LAM', 'MAGRI C', 'ASH ME', 'SEKISTOV VN', 'ANDREEV VY', 'YEOMANS DK', 'CHODAS PW', 'KEESEY MS', 'ZAITSEV AL', 'ALTENKHOF V', 'VILEBINSKII R', 'IGNATOV SP', 'ZAYTSEV AL', 'SOKOLSKY AG', 'RZHIGA ON'];JOURNAL OF COMMUNICATIONS TECHNOLOGY AND ELECTRONICS;Russia
Method for choosing the variable of integration on numerical construction of ray paths in inhomogeneous dielectric media;"[""PERFIL'EV VV"", 'STEPANOV ES', 'KLIMOV KN']";['Nobody'];JOURNAL OF COMMUNICATIONS TECHNOLOGY AND ELECTRONICS;Russia
To the analyticity of the effective refractive index;"[""PUZ'KO RS"", 'MERZLIKIN AM']";['AKCAKAYA E', 'FARNELL GW', 'DATTA S', 'CHAN CT', 'HO KM', 'ENKIN N A', 'MERZLIKIN A M', 'VINOGRADOV A P', 'KROKHIN AA', 'HALEVI P', 'ARRIAGA J', 'LAMB W', 'WOOD DM', 'ASHCROFT NW', 'SEMCHENKO IV', 'SIMOVSKI C R', 'IGNATOV A I', 'VINOGRADOV AP', 'MERZLIKIN AV'];JOURNAL OF COMMUNICATIONS TECHNOLOGY AND ELECTRONICS;Russia
Enhancement of the noise immunity of a voice-activated robotics control system based on phonetic word decoding method;['SAVCHENKO VV'];['ANTSIPEROV V E', 'SAVCHENKO A V', '—¿¬◊≈Õ Œ ¬¬', 'SAVCHENKO V V', 'LUKIN P G'];JOURNAL OF COMMUNICATIONS TECHNOLOGY AND ELECTRONICS;Russia
Gradiometers based on superconducting quantum interference device for nondestructive testing;['MASLENNIKOV YV', 'SLOBODCHIKOV VY', 'KRYMOV VA', 'KHANIN VV', 'KOSHELETS VP'];['BAIN RJP', 'DONALDSON GB', 'EVANSON S', 'FILIPPENKO LV', 'SHITOV SV', 'DMITRIEV PN', 'JAYCOX JM', 'KETCHEN MB', 'MATLASHOV AN', 'SERPUCHENKO IL', 'KRAUSE HJ', 'VON KREUTZBRUCK M', 'MASLENNIKOV YU V', 'KALASHNIKOV PV', 'TAVRIN Y', 'SIEGEL M', 'HINKEN J'];JOURNAL OF COMMUNICATIONS TECHNOLOGY AND ELECTRONICS;Russia
A band-stop filter designed on a ridge waveguide with pin resonant elements;['ZEMLYAKOV VV', 'ZARGANO GF'];['KIRILENKO AA', 'MOSPAN LP', 'ZARGANO G F', 'ZEMLYAKOV V V', 'KRIVOPUSTENKO V V', 'SINYAVSKII G P'];JOURNAL OF COMMUNICATIONS TECHNOLOGY AND ELECTRONICS;Russia
Analysis of high-frequency parameters of superconducting planar structures;['RUDAKOV KI', 'PARAMONOV ME', 'DMITRIEV PN', 'BARYSHEV AM', 'KHUDCHENKO AV', 'KOSHELETS VP'];['GUESTEN R', 'BOOTH R S', 'CESARSKY C', 'KAWAKAMI A', 'UZAWA Y', 'WANG Z', 'KHUDCHENKO ANDREY', 'BARYSHEV ANDREY M', 'RUDAKOV KIRILL I', 'KOSHELETS VALERY P', 'DMITRIEV PAVEL N', 'FALEY MICHAEL I', 'SHITOV SV', 'ERMAKOV AB', 'ZHOU SP', 'JABBAR A', 'BAO JS'];JOURNAL OF COMMUNICATIONS TECHNOLOGY AND ELECTRONICS;Russia
Trading-network order formation with the help of the aggregation of specialized forecast algorithms;"[""V'YUGIN VV"", 'SHAMSUTDINOV AI']";"['BLUM A', 'DE ROOIJ STEVEN', 'VAN ERVEN TIM', 'GRUNWALD PETER D', 'DEVAINE MARIE', 'GAILLARD PIERRE', 'GOUDE YANNIG', 'FREUND Y', 'SCHAPIRE RE', 'KALNISHKAN YURI', 'ADAMSKIY DMITRY', 'CHERNOV ALEXEY', ""V'YUGIN V V"", 'VOVK V']";JOURNAL OF COMMUNICATIONS TECHNOLOGY AND ELECTRONICS;Russia
Convex approximation of the design space in the aircraft wing optimization problem;['BEDRINTSEV AA', 'CHEPYZHOV VV'];['BEDRINTSEV A A', 'CHEPYZHOV V V', 'MA DONGLI', 'ZHAO YANPING', 'QIAO YUHANG', 'WANG G GARY', 'SHAN S'];JOURNAL OF COMMUNICATIONS TECHNOLOGY AND ELECTRONICS;Russia
Restoration of multispectral images by the gradient reconstruction method and estimation of the blur parameters on the basis of the multipurpose matching model;['KARNAUKHOV VN', 'MOZEROV MG'];['BROWN MATTHEW', 'SUESSTRUNK SABINE', 'CANNON M', 'CHOCHIA P A', 'MILUKOVA O P', 'DASH RATNAKAR', 'MAJHI BANSHIDHAR', 'EBRAHIMI MOGHADDAM MOHSEN', 'JAMAD MANSOUR', 'ERSHOV EGOR', 'KARNAUKHOV VICTOR', 'MOZEROV MIKHAIL', 'FREEMAN WT', 'ADELSON EH', 'KOBER VITALY', 'KOBER V I', 'KARNAUKHOV V N', 'MOZEROV MIKHAIL G', 'OLIVEIRA JOAO P', 'FIGUEIREDO MARIO A T', 'BIOUCAS-DIAS JOSE M', 'RAV-ACHA A', 'PELEG S', 'REKLEITIS IM', 'SIMONCELLI EP', 'FARID H', 'YITZHAKY Y', 'BOSHUSHA G', 'LEVY Y'];JOURNAL OF COMMUNICATIONS TECHNOLOGY AND ELECTRONICS;Russia
Correcting capabilities of binary irregular LDPC code under low-complexity iterative decoding algorithm;['RYBIN PS'];['BOUTROS J', 'BURSHTEIN D', 'MILLER G', 'FROLOV ALEXEY', 'ZYABLOV VICTOR', '»¬¿ÕŒ¬ ¿—', 'Àﬂ’Œ¬ ¿»', '’Œ–Œ¬ ≈Ã', 'IVANOV AS', 'LYAKHOV AI', 'KHOROV EM', 'LENTMAIER M', 'ZIGANGIROV KS', 'LUBY MG', 'MITZENMACHER M', 'SHOKROLLAHI MA', 'TANNER RM', '«»√¿Õ√»–Œ¬ ƒ ', '«»√¿Õ√»–Œ¬  ÿ', 'ZIGANGIROV DK', 'ZIGANGIROV KSH', '«»√¿Õ√»–Œ¬  ¿Ã»À‹ ÿ¿Ã»À‹≈¬»◊', 'œ”—¿Õ≈ ¿À» ≈Ã–≈', '«»√¿Õ√»–Œ¬ ƒÃ»“–»…  ¿Ã»À‹≈¬»◊', 'PUSANE AE'];JOURNAL OF COMMUNICATIONS TECHNOLOGY AND ELECTRONICS;Russia
Design and analysis of codes with distance 4 and 6 minimizing the probability of decoder error;['AFANASSIEV VB', 'DAVYDOV AA', 'ZIGANGIROV DK'];['ASHMANOV SA', 'BARG AM', 'DUMER II', 'BERLEKAMP ER', 'DAVYDOV A', 'TOMBAK LM', 'KASAMI T', 'FUJIWARA T', 'LIN S', 'KRASIKOV I', 'LITSYN S'];JOURNAL OF COMMUNICATIONS TECHNOLOGY AND ELECTRONICS;Russia
An approach to the automatic prediction of earthquakes;['GITIS VG', 'DERENDYAEV AB'];['GITIS VALERI', 'DERENDYAEV ALEXANDER', 'METRIKOV PAVEL'];JOURNAL OF COMMUNICATIONS TECHNOLOGY AND ELECTRONICS;Russia
Occupancy grid mapping with the use of a forward sonar model by gradient descent;['SHVETS E', 'SHEPELEV D', 'NIKOLAEV D'];['ELFES A', 'KONOLIGE K', 'LATEGAHN HENNING', 'DERENDARZ WOJCIECH', 'GRAF THORSTEN', 'LEONARD JJ', 'DURRANTWHYTE HF', 'COX IJ', 'MARINA CHUKALINA', 'DMITRY NIKOLAEV', 'VALERII SOKOLOV', 'MORAS J', 'CHERFAOUI V', 'BONNIFAIT P', 'MORAVEC HP', 'TARDOS JD', 'NEIRA J', 'NEWMAN PM', 'THRUN S'];JOURNAL OF COMMUNICATIONS TECHNOLOGY AND ELECTRONICS;Russia
Birefringent optical fibers axial positioning technique for fiber Bragg gratings writing;['ARKHIPOV SV', 'STRIGALEV VE', 'VARZHEL SV', 'SMIRNOVA YD', 'SOLDATOVA NS', 'PALANJYAN DA', 'MUNKO AS', 'PETROV AA'];"['BUREEV S V', ""DUKEL'SKII K V"", ""ERON'YAN M A"", 'CARRARA SLA', 'KIM BY', 'SHAW HJ', 'Ã≈ÿ Œ¬ »… »√Œ–‹  ¿—‹ﬂÕŒ¬»◊', '¬¿–∆≈À‹ —≈–√≈… ¬À¿ƒ»Ã»–Œ¬»◊', '¡≈À» »Õ Ã»’¿»À Õ» ŒÀ¿≈¬»◊', 'MESHKOVSKY IK', 'BELIKIN MN', 'SMITHGALL DH', 'WATKINS LS', 'FRAZEE RE', ""VARZHEL' S V"", 'KULIKOV A V', 'MESHKOVSKII I K', 'ZHAO YANSHUANG', 'SUN BO', 'LIU YANLEI']";OPTICAL AND QUANTUM ELECTRONICS;Russia
Seeing double: Leonardo's Mona Lisa twin;['ASMUS JF', 'PARFENOV VA', 'ELFORD JP'];['KATZ NP', 'BERNSTEIN R', 'DAVE JV', 'CLARK K', 'MCMULLEN R'];OPTICAL AND QUANTUM ELECTRONICS;Russia
Laboratory setup for fiber Bragg gratings inscription based on Talbot interferometer;['GRIBAEV AI', 'PAVLISHIN IV', 'STAM AM', 'IDRISOV RF', 'VARZHEL SV', 'KONNOV KA'];"['¿–’»œŒ¬ —¬', '√–≈Õ Ã', '¬¿–∆≈À‹ —¬', 'ARKHIPOV SV', 'GREHN M', 'ASKINS CG', 'TSAI TE', 'WILLIAMS GM', 'ATEZHEV VV', 'VARTAPETOV SK', 'ZHUKOV AN', 'BARTELT HARTMUT', 'SCHUSTER KAY', 'UNGER SONJA', 'BUREEV S V', ""DUKEL'SKII K V"", ""ERON'YAN M A"", 'FORTIN VINCENT', 'MAES FREDERIC', 'BERNIER MARTIN', 'HILL KO', 'MALO B', 'BILODEAU F', 'HUANG YIZE', 'JIVRAJ JAMIL', 'ZHOU JIAQI', 'KOEPPE ENRICO', 'BARTHOLMAI MATTHIAS', 'DAUM WERNER', 'KOO KP', 'TVETEN AB', 'VOHRA ST', 'LAWSON N J', 'CORREIA R', 'JAMES S W', 'LIAW SHIEN-KUEI', 'TSAI PEI-SHIH', 'WANG HSIANG', 'MARTINEZ A', 'DUBOV M', 'KHRUSHCHEV I', 'MAYER EE', 'GILLETT DA', 'GOVORKOV S', 'MELTZ G', 'MOREY WW', 'GLENN WH', 'RAO YJ', 'ROTHHARDT M', 'CHOJETZKI C', 'MUELLER HR', ""VARZHEL' S V"", 'KULIKOV A V', 'MESHKOVSKII I K', 'WADA ATSUSHI', 'TANAKA SATOSHI', 'TAKAHASHI NOBUAKI']";OPTICAL AND QUANTUM ELECTRONICS;Russia
Optical properties of a four-layer waveguiding nanocomposite structure in near-IR regime;['PANYAEV IS', 'DADOENKOVA NN', 'DADOENKOVA YS', 'ROZHLEYS IA', 'KRAWCZYK M', 'LYUBCHANSKII IL', 'SANNIKOV DG'];['AGRANOVICH VM', 'KRAVTSOV VE', 'ALAEIAN HADISEH', 'DIONNE JENNIFER A', 'BARNOSKI MK', 'DEVORE JR', 'DOTSCH H', 'BAHLMANN N', 'ZHUROMSKYY O', 'HEWAK DW', 'LIT JWY', 'JOHNSON B', 'WALTON AK', 'KHOKHLOV N E', 'PROKOPOV A R', 'SHAPOSHNIKOV A N', 'KHOSRAVI SABA', 'ROSTAMI ALI', 'ROSTAMI GHASEM', 'KUDO M', 'MUSHIAKE Y', 'MALITSON IH', 'MANENKOV A B', 'MANENKOV AB', 'PANYAEV I S', 'DADOENKOVA N N', 'DADOENKOVA YU S', 'POLKY JN', 'MITCHELL GL', 'RAO RUIJIAN', 'TANG TIANTONG', 'RYTOV SM', 'SCIFRES DR', 'STREIFER W', 'BURNHAM RD', 'SMIRNOVA D A', 'IORSH I V', 'SHADRIVOV I V', 'SOUTHWELL WH', 'STIENS J', 'DETANDT C', 'RANSON W', 'VOUNCKX R', 'VERETENNICOFF I', 'SUN MJ', 'MULLER MW', 'SYLGACHEVA D A', 'KALISH A N', 'SYLGACHEVA DARIA', 'KHOKHLOV NIKOLAI', 'KALISH ANDREY'];OPTICAL AND QUANTUM ELECTRONICS;Russia
On Ageing Concepts for Repairable Items From Heterogeneous Populations;['CHA JH', 'FINKELSTEIN M'];['AVEN T', 'JENSEN U', 'BARLOW R', 'HUNTER L', 'BARLOW RE', 'BOLAND PJ', 'EL-NEWEIHI E', 'CHA JI HWAN', 'FINKELSTEIN MAXIM', 'MI JIE', 'FINKELSTEIN MS', 'HOSSEINI MM', 'KERR RM', 'RANDALL RB', 'LEVITIN GREGORY', 'AMARI SUPRASAD V', 'LIU YU', 'HUANG HONG-ZHONG', 'WANG ZHONGLAI', 'MI J', 'NAKAGAWA TOSHIO', 'SIM SH', 'ENDRENYI J', 'VALDEZFLORES C', 'FELDMAN RM'];IEEE TRANSACTIONS ON RELIABILITY;Russia
New flexible piezoelectrics and actuators based on polyorganophosphazenes;['KULICHIKHIN V', 'SEMAKOV A', 'TUR D'];"['ANTIPOV E', 'KUPTSOV S', 'AVDEEV NN', 'NOVIKOVA DK', ""VASIL'EV GB"", 'BORISENKOVA EK', 'KULICHIKHIN VG', 'FURUKAWA T', 'GLERIA M', 'DE JAEGER R', 'GRISHCHENKO AE', 'RYUMTSEV EI', 'INZELT G', 'KASKHEDIKAR N', 'PAULSDORF J', 'BURJANADZE A', 'KOJIMA M', 'MAGILL JH', 'LI F', 'WANG JY', 'XIE TF', 'MELNICHUK MIKE', 'WOOD LOWELL T', 'MURRAY CB', 'KAGAN CR', 'BAWENDI MG', 'NAZRI G', 'MACARTHUR DM', 'OGARA JF', 'PAPKOV VS', 'CHAIKA EM', 'DUBOVIK II', 'PLATE NA', 'ANTIPOV EM', 'KULITCHIKHIN VG', 'RYBAK ANDRZEJ', 'BOITEUX GISELE', 'MELIS FLAVIEN', 'TUR DR', 'PROVOTOROVA NP', 'VINOGRADOVA SV']";SENSORS AND ACTUATORS A-PHYSICAL;Russia
Polarisation maintaining fibre with pure silica core and two depressed claddings for fibre optic gyroscope;"['KURBATOV AM', 'KURBATOV RA', 'VOLOSHIN VV', ""VOROB'EV IL"", 'KOLOSOVSKY AO']";"['ANDREASEN SB', 'BERENGER JP', 'BESLEY JA', 'LOVE JD', 'FAUSTINI L', 'MARTINI G', 'FRANCOIS PL', 'VASSALLO C', 'HEIBLUM M', 'HARRIS JH', 'HENRY WM', 'PENG GD', 'HU JONATHAN', 'MENYUK CURTIS R', 'KURBATOV ALEXANDER M', 'KURBATOV ROMAN A', 'RASHLEIGH SC', 'BURNS WK', 'MOELLER RP', 'STERN MS', 'TOMASHUK AL', 'GOLANT KM', 'VALIENTE I', 'VOLOSHIN V V', ""VOROB'EV I L"", 'IVANOV G A']";OPTICAL FIBER TECHNOLOGY;Russia
Wave Effects Related to Altitude Variations in the Ion Composition of the Ionosphere;['VAVILOV DI', 'SHKLYAR DR'];['BUDKO NI', 'RYABOV BS', 'ERDELYI A', 'GINZBURG VL', 'GURNETT DA', 'SHAWHAN SD', 'BRICE NM', 'JONES D', 'SHKLYAR D R', 'STOREY L R O', 'CHUM J', 'SMITH RL', 'BARRINGTON RE', 'WATANABE S', 'ONDOH T'];RADIOPHYSICS AND QUANTUM ELECTRONICS;Russia
Long-Term Global Distributions of Mesoscale Variations in Atmospheric Radio Refraction Obtained from the GPS Champ Satellite Data;['GAVRILOV NM', 'MANUILOVA RO'];['ALEXANDER MJ', 'TSUDA T', 'VINCENT RA', 'ALEXANDER P', 'LUNA D', 'DE LA TORRE A', 'ALEXANDER S P', 'KAWATANI Y', 'SCHMIDT T', 'WICKERT J', 'HAJJ GA', 'GAVRILOV N M', 'FUKAO S', 'KARPOVA NV', 'JACOBI C', 'GORBUNOV ME', 'LAURITSEN KB', 'RODIN A', 'GURVICH AS', 'KORNBLUEH L', 'KAN V', 'FEDOROVA OV', 'HORINOUCHI TAKESHI', 'TSUDA TOSHITAKA', 'JENSEN AS', 'LOHMANN MS', 'BENZON HH', 'NAMBOOTHIRI S P', 'JIANG J H', 'KISHORE P', 'RATNAM MV', 'TETZLAFF G', 'ROCKEN C', 'ANTHES R', 'EXNER M', 'NISHIDA M', 'WANG L', 'ALEXANDER M J', 'WANG LING', 'ALEXANDER M JOAN', 'WARE R', 'FENG D', 'BEYERLE G', 'KONIG R', 'GALAS R', 'WU DONG L', 'ECKERMANN STEPHEN D'];RADIOPHYSICS AND QUANTUM ELECTRONICS;Russia
Determination of the Trace-Gas Concentrations at the Altitudes of the Lower and Middle Mesosphere from the Time Series of Ozone Concentration;['NECHAEV AA', 'ERMAKOVA TS', 'KULIKOV MY'];"['BRASSEUR G', 'CONWAY RR', 'SUMMERS ME', 'STEVENS MH', 'GROSSMANN KU', 'OFFERMANN D', 'GUSEV O', 'GUMBEL J', 'MURTAGH DP', 'ESPY PJ', 'JUCKS KW', 'JOHNSON DG', 'CHANCE KV', ""KRASIL'NIKOV A A"", 'KULIKOV M YU', 'KUKIN L M', 'KULIKOV M Y', 'FEIGIN A M', 'SONNEMANN G R', 'SHVETSOV A A', 'MUKHIN D N', 'PALM M', 'HOFFMANN C G', 'GOLCHERT S H W', 'SCHMIDLIN FJ', 'SONNEMANN G', 'KREMP C', 'EBEL A', 'STUDER S', 'HOCKE K', 'SCHANZ A', 'TAKAHASHI H', 'MELO SML', 'CLEMESHA BR']";RADIOPHYSICS AND QUANTUM ELECTRONICS;Russia
Fractal Model of a Compact Intracloud Discharge. II. Specific Features of Electromagnetic Emission;['DAVYDENKO SS', 'IUDIN DI'];"['ARABSHAHI S', 'DWYER J R', 'NAG A', 'DA SILVA CAITANO L', 'PASKO VICTOR P', ""DUL'ZON AA"", 'LOPATIN VV', 'NOSKOV MD', 'EACK KB', 'GUREVICH AV', 'ZYBIN KP', 'ROUSSEL-DUPRE RA', 'MILIKH GM', 'ROUSSELDUPRE R', 'HAMLIN T', 'LIGHT T E', 'SHAO X M', 'HOLDEN DN', 'MUNSON CP', 'DEVENPORT JC', 'IUDIN D I', 'DAVYDENKO S S', 'JACOBSON A R', 'LIGHT T E L', 'JACOBSON AR', 'HEAVNER MJ', 'KARUNARATHNE SUMEDHE', 'MARSHALL THOMAS C', 'STOLZENBURG MARIBETH', 'KOSTINSKIY ALEXANDER YU', 'SYSSOEV VLADIMIR S', 'BOGATOV NIKOLAY A', 'LAZARUS S M', 'SPLITT M E', 'BROWNLEE JAMES', 'LEVINE DM', 'WILLETT JC', 'MENEGHINI R', 'LIU HENGYI', 'DONG WANSHENG', 'WU TING', 'LUQUE ALEJANDRO', 'RATUSHNAYA VALERIA', 'EBERT UTE', 'NAG AMITABH', 'RAKOV VLADIMIR A', 'TSALIKIS DIMITRIS', 'RAKOV VA', 'RISON W', 'THOMAS RJ', 'KREHBIEL PR', 'RISON WILLIAM', 'KREHBIEL PAUL R', 'STOCK MICHAEL G', 'ROMPE R', 'WEIZEL W', 'SADIGHI SAMANEH', 'LIU NINGYU', 'DWYER JOSEPH R']";RADIOPHYSICS AND QUANTUM ELECTRONICS;Russia
Influence of Oceanic Synoptic Eddies on the Duration of Modal Acoustic Pulses;"['MAKAROV DV', ""KON'KOV LE"", 'PETROV PS']";"['ABDULLAEV SS', 'ZASLAVSKII GM', 'BERON-VERA FJ', 'BROWN MG', 'COLOSI JA', 'BEZOTVETNYKH V V', 'BURENIN A V', 'MORGUNOV YU N', 'TOMSOVIC S', 'BROWN MICHAEL G', 'UDOVYDCHENKOV ILYA A', 'CERRUTI NR', 'CONSTANTINESCU DANA', 'FIRPO MARIE-CHRISTINE', 'GARRETT C', 'MUNK W', 'GODIN OLEG A', 'ZAVOROTNY VALERY U', 'VORONOVICH ALEXANDER G', 'GORELYSHEV I V', 'NEISHTADT A I', 'HEGEWISCH KC', 'JONES RM', 'SHANG EC', 'GEORGES TM', ""KON'KOV L E"", 'MAKAROV D V', 'SOSEDKO E V', 'LEBLANC LR', 'MIDDLETON FH', 'ULEYSKY M YU', 'ULEYSKIY M YU', 'BUDYANSKY M V', 'Ã¿ ¿–Œ¬ ƒ≈Õ»— ¬À¿ƒ»Ã»–Œ¬»◊', ' ŒÕ‹ Œ¬ À≈ŒÕ»ƒ ≈¬√≈Õ‹≈¬»◊', 'ULEYSKY MY', 'PRANTS SV', 'MOROZOV AK']";RADIOPHYSICS AND QUANTUM ELECTRONICS;Russia
Limiting and Fedosov's Currents of a Strongly Magnetized Electron Beam in Asymmetric Transportation Channels;['GOIKHMAN MB', 'GROMOV AV', 'KOVALEV NF', 'PALITSIN AV'];['KUZELEV MV', 'RUKHADZE AA'];RADIOPHYSICS AND QUANTUM ELECTRONICS;Russia
Spatial Instability of the Linearly Polarized Plane Wave in a Cubic Crystal;"[""KUZ'MINA MS"", 'KHAZANOV EA']";"['BESPALOV VI', 'TALANOV VI', 'CHU YUXI', 'LIANG XIAOYAN', 'YU LIANGHONG', 'GITIN A V', 'HUTCHINGS DC', 'AITCHISON JS', 'ARNOLD JM', 'WHERRETT BS', 'JULLIEN A', 'ALBERT O', 'BURGY F', 'KOURTEV S', 'MINKOVSKI N', 'CANOVA L', ""KUZ'MINA M S"", 'KHAZANOV E A', 'LEVENSON MD', 'BLOEMBERGEN N', 'MAK AA', 'PETROV GI', 'SALTIEL SM', 'VLASOV SN']";RADIOPHYSICS AND QUANTUM ELECTRONICS;Russia
Homogeneous Time-Varying Systems: Robustness Analysis;['RIOS H', 'EFIMOV D', 'POLYAKOV A', 'PERRUQUETTI W'];['ANDRIEU VINCENT', 'PRALY LAURENT', 'ASTOLFI ALESSANDRO', 'BERNUAU EMMANUEL', 'POLYAKOV ANDREY', 'EFIMOV DENIS', 'BHAT SP', 'BERNSTEIN DS', 'CRUZ-ZAVALA EMMANUEL', 'MORENO JAIME A', 'FRIDMAN LEONID M', 'DORATO P', 'GRUNE L', 'HADDAD WASSIM M', 'NERSESOV SERGEY G', 'DU LIANG', 'HERMES H', 'HONG YG', 'LEVANT A', 'MENARD TOMAS', 'MOULAY EMMANUEL', 'PERRUQUETTI WILFRID', 'OSORIO MARISOL', 'HUI QING', 'ORLOV Y', 'ORLOV YURY', 'AOUSTIN YANNICK', 'CHEVALLEREAU CHRISTINE', 'RICHARD JP', 'GRUJIC LT', 'PEUTEMAN J', 'AEYELS D', 'RIOS HECTOR', 'ROSIER L'];IEEE TRANSACTIONS ON AUTOMATIC CONTROL;Russia
Optimal Control of Production Rate in a Manufacturing System Prone to Failure With General Distribution for Repair Time;['KHOURY BN'];['AKELLA R', 'KUMAR PR', 'BIELECKI T', 'CIPRUT P', 'HONGLER MO', 'SALAMA Y', 'HU JQ', 'XIANG D', 'KHOURY B N', 'PERKINS JR'];IEEE TRANSACTIONS ON AUTOMATIC CONTROL;Russia
Adaptive Controller for Linear System With Input Delay and Output Disturbance;['PYRKIN AA', 'BOBTSOV AA'];['ARANOVSKIY S V', 'BOBTSOV A A', 'PYRKIN A A', 'ARTSTEIN Z', 'BOBTSOV ALEXEY A', 'EFIMOV DENIS', 'PYRKIN ANTON A', 'BODSON M', 'DOUGLAS SC', 'DING Z', 'HOU M', 'KRSTIC M', 'KRSTIC MIROSLAV', 'SMYSHLYAEV ANDREY', 'KWON WH', 'PEARSON AE', 'MANITIUS AZ', 'OLBROT AW', 'MARINO R', 'SANTOSUOSSO GL', 'TOMEI P', 'PYRKIN ANTON', 'BEKIARIS-LIBERIS NIKOLAOS', 'XIA X'];IEEE TRANSACTIONS ON AUTOMATIC CONTROL;Russia
Relativistic Second-Harmonic Gyrotron With a Selective Quasi-Regular Cavity;['KALYNOV YK', 'OSHARIN IV', 'SAVILOV AV', 'ZAVOLSKY NA'];['BANDURKIN I V', 'KALYNOV YU K', 'SAVILOV A V', 'BANDURKIN ILIA V', 'KALYNOV YURIY K', 'SAVILOV ANDREY V', 'BRATMAN V L', 'MANUILOV V N', 'CHANG T H', 'BRATMAN VL', 'FEDOTOV AE', 'MANUILOV VN', 'GINZBURG NS', 'NUSINOVICH GS', 'HORNSTEIN MK', 'BAJAJ VS', 'GRIFFIN RG', 'IDEHARA T', 'TATSUKAWA T', 'OGAWA I', 'IRWIN K', 'DESTLER WW', 'LAWSON W', 'OSHARIN I V', 'STRIFFLER CD', 'MCDERMOTT DB', 'LUHMANN NC', 'KUPISZEWSKI A', 'NUSINOVICH G S', 'PHELPS ADR', 'TORREZAN ANTONIO C', 'SHAPIRO MICHAEL A', 'SIRIGIRI JAGADISHWAR R', 'ZAITSEV NI', 'ILYAKOV EV'];IEEE TRANSACTIONS ON ELECTRON DEVICES;Russia
Controlled Domain Wall Pinning in Permalloy Nanowire by Nanoparticle Stray Fields;['MIRONOV VL', 'ERMOLAEVA OL', 'SKOROHODOV EV'];"['AHN SUNG-MIN', 'MOON KYOUNG-WOONG', 'CHO CHEONG-GU', 'ALLWOOD DA', 'XIONG G', 'FAULKNER CC', 'COOKE MD', 'BOGART L K', 'ATKINSON D', ""O'SHEA K"", 'CHANG JOONYEON', 'MIRONOV V L', 'GRIBKOV B A', 'YI HYUNJUNG', 'KOO HYUN CHEOL', 'GLATHE S', 'ZEISBERGER M', 'MATTHEIS R', 'GREAVES SIMON JOHN', 'HAYASHI MASAMITSU', 'THOMAS LUC', 'RETTNER CHARLES', 'MORIYA RAI', 'KLAEUI M', 'KUNZ ANDREW', 'REIFF SARAH C', 'LEWIS E R', 'PETIT D', 'THEVENARD L', 'ERMOLAEVA O L', 'SKOROHODOV E V', 'FRAERMAN A A', ""O'BRIEN L"", 'READ D E', 'ZENG H T', ""O'SHEA K J"", 'MCVITIE S', 'CHAPMAN J N', 'PARKIN STUART S P', 'PETIT DOROTHEE', 'JAUSOVEC ANA-VANESSA', 'READ DAN', 'ZENG HUANG T', 'TEOH HAN KHENG', 'GOOLAUP SARJOOSING', 'LEW WEN SIANG', 'THIAVILLE A', 'MILTAT J', 'GARCIA JM', 'VARGA EDIT', 'CSABA GYORGY', 'IMRE ALEXANDRA', 'ZHU QIYUAN', 'LIU XIANYIN', 'ZHANG SENFU']";IEEE TRANSACTIONS ON MAGNETICS;Russia
Effect of multiple defects and substituted impurities on the band structure of graphene: a DFT study;['IYAKUTTI K', 'KUMAR EM', 'THAPA R', 'RAJESWARAPALANICHAMY R', 'SURYA VJ', 'KAWAZOE Y'];['AMARA H', 'LATIL S', 'MEUNIER V', 'BALOG RICHARD', 'JORGENSEN BJARKE', 'NILSSON LOUIS', 'BANHART FLORIAN', 'KOTAKOSKI JANI', 'KRASHENINNIKOV ARKADY V', 'CASTRO NETO A H', 'GUINEA F', 'PERES N M R', 'CHEN YEN-CHIA', 'CAO TING', 'CHEN CHEN', 'CHENG S -H', 'ZOU K', 'OKINO F', 'CRACIUN M F', 'RUSSO S', 'YAMAMOTO M', 'DHARMA-WARDANA M W C', 'ZGIERSKI MAREK Z', 'DVORAK MARC', 'WU ZHIGANG', 'OSWALD WILLIAM', 'FACCIO RICARDO', 'FERNANDEZ-WERNER LUCIANA', 'PARDO HELENA', 'GEIM A K', 'NOVOSELOV K S', 'GUO BEIDOU', 'LIU QIAN', 'CHEN ERDAN', 'GUZMAN-ARELLANO R M', 'HERNANDEZ-NIEVES A D', 'BALSEIRO C A', 'HOU ZHUFENG', 'TERAKURA KIYOYUKI', 'KUMAR E MATHAN', 'LAKSHMI I', 'SURYA V J', 'JAFRI S H M', 'CARVA K', 'WIDENKVIST E', 'JIA TIAN-TIAN', 'ZHENG MENG-MENG', 'FAN XIN-YU', 'KALONI T P', 'CHENG Y C', 'SCHWINGENSCHLOEGL U', 'KOSTARELOS KOSTAS', 'NOVOSELOV KOSTYA S', 'KOZLOV SERGEY M', 'VINES FRANCESC', 'GOERLING ANDREAS', 'KRASHENINNIKOV A V', 'NIEMINEN R M', 'KRESSE G', 'FURTHMULLER J'];JOURNAL OF MATERIALS SCIENCE-MATERIALS IN ELECTRONICS;Russia
Large deviations for non-zero initial conditions in linear systems;['POLYAK BT', 'SMIRNOV G'];['BALANDIN D V', 'KOGAN M M', 'BEWLEY TR', 'LIU S', 'BULGAKOV AY', 'BUSHENKOV V', 'HERMAN IVO', 'MARTINEC DAN', 'HURAK ZDENEK', 'IZMAILOV RN', 'MOLER C', 'VAN LOAN C', 'VANLOAN C', 'POLYAK B T', 'TREMBA A A', 'KHLEBNIKOV M V', 'REDDY SC', 'HENNINGSON DS', 'SMIRNOV GEORGI', 'BUSHENKOV VLADIMIR', 'MIRANDA FRANCISCO', 'SUSSMANN HJ', 'KOKOTOVIC PV', 'WHIDBORNE JAMES F', 'AMAR NATHALIE', 'MCKERNAN JOHN'];AUTOMATICA;Russia
Terahertz electromagnetic field propagation in human tissues: A study on communication capabilities;['PIRO G', 'BIA P', 'BOGGIA G', 'CARATELLI D', 'GRIECO LA', 'MESCIA L'];['AKYILDIZ IAN F', 'JORNET JOSEP MIQUEL', 'HAN CHONG', 'ALEKSEEV S I', 'ZISKIN M C', 'ATAKAN BARIS', 'AKAN OZGUR B', 'BALASUBRAMANIAM SASITHARAN', 'BORONIN PAVEL', 'PETROV VITALY', 'MOLTCHANOV DMITRI', 'BUSH SF', 'PALUH JL', 'CALDEIRA JOAO M L P', 'RODRIGUES JOEL J P C', 'LORENZ PASCAL', 'CARATELLI DIEGO', 'MESCIA LUCIANO', 'BIA PIETRO', 'COROVIC SELMA', 'LACKOVIC IGOR', 'SUSTARIC PRIMOZ', 'ESSER AXEL T', 'SMITH KYLE C', 'GOWRISHANKAR T R', 'GUO HONGZHI', 'JOHARI PEDRAM', 'MIQUEL JOSEP', 'JORNET JM', 'AKYILDIZ IF', 'MOVASSAGHI SAMANEH', 'ABOLHASAN MEHRAN', 'LIPMAN JUSTIN', 'NAITO S', 'HOSHI M', 'YAGIHARA S', 'NAKANO TADASHI', 'MOORE MICHAEL J', 'WEI FANG', 'NEY MICHAEL', 'ABDULHALIM I', 'PIRO GIUSEPPE', 'YANG KE', 'BOGGIA GENNARO', 'GRIECO LUIGI ALFREDO', 'SANTAGATI G ENRICO', 'MELODIA TOMMASO', 'GALLUCCIO LAURA', 'UL HUQUE MD TANVIR ISHTAIQUE', 'MUNASINGHE KUMUDU S', 'JAMALIPOUR ABBAS'];NANO COMMUNICATION NETWORKS;Russia
Multi-Kilowatt Peak Power Nanosecond Er-Doped Fiber Laser;['DVOYRIN VV', 'KLIMENTOV D', 'KLEPSVIK JO', 'MAZAEVA IV', 'SOROKINA IT'];['ADACHI S', 'KOYAMADA Y', 'CUADRADO-LABORDE C', 'PEREZ-MILLAN P', 'ANDRES M V', 'DESMOULINS SEBASTIEN', 'DI TEODORO FABIO', 'DESTHIEUX B', 'LAMING RI', 'PAYNE DN', 'DILLEY C E', 'STEPHEN M A', 'SAVAGE-LEUCHS M P', 'GAO CUNXIAO', 'ZHU SHAOLAN', 'ZHAO WEI', 'KURKOV A S', 'SADOVNIKOVA YA E', 'MARAKULIN A V', 'LIU YUAN', 'LIU JIQIAO', 'CHEN WEIBIAO', 'OKHRIMCHUK ANDREY G', 'MEZENTSEV VLADIMIR K', 'DVOYRIN VLADISLAV V', 'PHILIPPOV V', 'CODEMARD C', 'JEONG Y', 'TAVERNER D', 'RICHARDSON DJ', 'DONG L', 'WAN PENG', 'LIU JIAN', 'YANG LIH-MEI', 'YUN JIAN', 'ZHANG FANGPEI', 'LOU QIHONG', 'ZHOU JUN', 'ZHANG XIN', 'DIAO WEIFENG'];IEEE PHOTONICS TECHNOLOGY LETTERS;Russia
Frequency dispersion of capacitance-voltage characteristics in wide bandgap semiconductor-electrolyte junctions;['FROLOV DS', 'ZUBKOV VI'];['BROCHEN STEPHANE', 'BRAULT JULIEN', 'CHENOT SEBASTIEN', 'EL-HAJJ H', 'DENISENKO A', 'BERGMAIER A', 'ELSHERIF O S', 'VERNON-PARRY K D', 'DHARMADASA I M', 'HUANG JW', 'KUECH TF', 'LU HQ', 'HUMERHAGER T', 'IRMSCHER K', 'KAYAMBAKI M', 'ZEKENTES K', 'KIMERLING LC', 'KOZODOY P', 'DENBAARS SP', 'MISHRA UK', 'LEBEDEV A O', 'AVROV D D', 'BULATOV A V', 'LI Z', 'KRANER HW', 'MYNBAEVA M', 'MYNBAEV K', 'PIETZKA C', 'LI G', 'ALOMARI M', 'PLESKOV YV', 'EVSTEFEEVA YE', 'KROTOVA MD', 'STUTZ CE', 'WANG YB', 'YUAN RK', 'WILLANDER M', 'WOLFF T', 'RAPP M', 'ROTTER T', 'ZUBKOV V I', 'KUCHEROVA O V', 'BOGDANOV S A', 'ZUBKOV VASILY', 'KUCHEROVA OLGA', 'FROLOV DMITRY'];SEMICONDUCTOR SCIENCE AND TECHNOLOGY;Russia
Runaway electrons during subnanosecond breakdowns in high-pressure gases;['TARASENKO VF', 'LOMAEV MI', 'BELOPLOTOV DV', 'SOROKIN DA'];['ALEKSEEV SB', 'ORLOVSKII VM', 'ASHURBEKOV N A', 'IMINOV K O', 'TAIBOV K T', 'BABICH L P', 'LOIKO T V', 'BAKSHT E H', 'BURACHENKO A G', 'KOSTYRYA I D', 'LOMAEV M I', 'RYBKA D V', 'BOKHAN P A', 'ZAKREVSKY DM E', 'CELESTIN SEBASTIEN', 'PASKO VICTOR P', 'DWYER J R', 'SALEH Z', 'RASSOUL H K', 'DWYER JOSEPH R', 'SMITH DAVID M', 'CUMMER STEVEN A', 'FABRO FERRAN', 'MONTANYA JOAN', 'MARISALDI MARTINO', 'GUREVICH A V', 'KARASHTIN A N', 'JANDA MARIO', 'MARTISOVITS VIKTOR', 'MACHALA ZDENKO', 'KHAERDINOV N S', 'LIDVANSKY A S', 'KOCHKIN P O', 'VAN DEURSEN A P J', 'EBERT U', 'TARASENKO V F', 'KOSTYRYA ID', 'KOZYREV ANDREY', 'KOZHEVNIKOV VASILY', 'LOMAEV MIKHAIL', 'LEVKO D', 'YATOM S', 'VEKSELMAN V', 'SOROKIN D A', 'LOMAEV MIKHAIL I', 'BELOPLOTOV DMITRY V', 'TARASENKO VICTOR F', 'LU X', 'LAROUSSI M', 'PUECH V', 'LU XINPEI', 'CHU PAUL K', 'MARCH VICTOR', 'MESYATS G A', 'REUTOVA A G', 'SHARYPOV K A', 'YALANDIN M I'];HIGH VOLTAGE;Russia
Some Features of Boron Isotopes Separation by the Laser-Assisted Retardation of Condensation Method in Multipass Irradiation Cell Implemented as a Resonator;['LYAKHOV K', 'LEE HJ', 'PECHEN A'];['ABRAMOVICH GN', 'AREFIEV ALEXEY V', 'GAO XIAOHUI', 'TUSHENTSOV MIKHAIL R', 'BLASCO F', 'CAILLAUD T', 'DORCHIES F', 'EERKENS JEFF W', 'EERKENS JW', 'KUMAR M', 'GUPTA V', 'NATH AK', 'LAPTEV VB', 'RYABOV EA', 'LOKHMAN VN', 'MAKAROV GN', 'MAIER WB', 'HOLLAND RF', 'SCROGGS SD', 'SETTLES GS', 'SCRUBY RE', 'LACHER JR', 'PARK JD', 'TKACHEV AN', 'YAKOVLENKO SI', 'ZELLWEGER JM', 'PHILIPPOZ JM', 'MELINON P'];IEEE JOURNAL OF QUANTUM ELECTRONICS;Russia
Enhancement of Radiation With Irregular Wire Media;['KOSULNIKOV SY', 'MIRMOOSA MS', 'VOVCHUK DA', 'TRETYAKOV SA', 'GLYBOVSKI SB', 'SIMOVSKI CR'];['BELOV PAVEL A', 'ZHAO YAN', 'TSE SIMON', 'KOSULNIKOV SERGEI', 'FILONOV DMITRY', 'GLYBOVSKI STANISLAV', 'SIMBVSKI CONSTANTIN', 'LEROSEY GEOFFROY', 'DE ROSNY JULIEN', 'TOURIN ARNAUD', 'MIRMOOSA M S', 'KOSULNIKOV S YU', 'SIMOVSKI C R', 'MIRMOOSA MOHAMMAD SAJJAD', 'SIMOVSKI CONSTANTIN', 'NEFEDOV IGOR S', 'SIMOVSKI CONSTANTIN R', 'PODDUBNY ALEXANDER N', 'KIVSHAR YURI S', 'MASLOVSKI STANISLAV', 'NEFEDOV IGOR', 'ATRASHCHENKO ALEXANDER V', 'YU ZONGFU', 'SERGEANT NICHOLAS P', 'SKAULI TORBJORN'];IEEE TRANSACTIONS ON ANTENNAS AND PROPAGATION;Russia
Equivalent surface impedance of a slot impedance load on the basis of a cavity with an equilateral triangular cross section;"[""KOSHKID'KO VG"", 'SERDYUK ES']";['BENENSON LS', 'KURKCHAN AG', 'SUKOV AI', 'CHADHA R', 'GUPTA KC', 'CHAPLIN AF', 'KONDRATYEV AS', 'CHEN KM', 'LIEPA V', 'HELSZAJN J', 'JAMES DS', 'PETROV BM', 'YUKHANOV YUV', 'GANZHELA NV', 'ALPATOVA OV', 'KYURKCHAN AG', 'ZIMNOV MK', 'SCHINDLEJK', 'MACK RB', 'BLACKSMIP', 'TSALIEV TA', 'CHERENKOV VS'];JOURNAL OF COMMUNICATIONS TECHNOLOGY AND ELECTRONICS;Russia
Magnetotransport properties of nonstoichiometric Si-Mn alloys with an excess of manganese relative to silicides Mn4Si7 and MnSi;"['NIKOLAEV SN', 'CHERNOGOLAZOV KY', 'SHOROKHOVA AV', 'PARSHINA LS', 'LEVANOV VA', 'MASLAKOV KI', 'NOVODVORSKII OA', ""RYL'KOV VV""]";"['CAPRARA S', 'KULATOV E', 'TUGUSHEV V V', 'GOTTLIEB U', 'SULPICE A', 'LAMBERT-ANDRON B', 'JANSEN RON', 'KHAYDUKOV E V', 'NOVODVORSKY O A', 'ROCHEVA V V', 'KO V', 'TEO K L', 'LIEW T', 'LAIKO EI', 'ORLOV AO', 'SAVCHENKO AK', ""MEN'SHOV V N"", 'MENA FP', 'VAN DER MAREL D', 'DAMASCELLI A', 'MIGAS D B', 'SHAPOSHNIKOV V L', 'FILONOV A B', 'MILNER A', 'GERBER A', 'GROISMAN B', 'NAGAOSA NAOTO', 'SINOVA JAIRO', 'ONODA SHIGEKI', 'NGUEYN VL', 'SPIVAK BZ', 'SHKLOVSKII BI', 'RYLKOV V V', ""GAN'SHINA E A"", 'NOVODVORSKII O A', 'NIKOLAEV S N', 'CHERNOGLAZOV K YU', 'RYLKOV VV', 'ARONZON BA', 'DANILOV YA', 'ZHOU SHENGQIANG', 'SCHMIDT HEIDEMARIE', 'SHALIMOV ARTEM', 'POTZGER KAY', 'POTZGER K', 'ZHANG GUFEI']";JOURNAL OF COMMUNICATIONS TECHNOLOGY AND ELECTRONICS;Russia
Adaptive correction of nonuniform illumination of multispectral digital images;['KOBER VI', 'KARNAUKHOV VN'];['DENG GUANG', 'HUMMEL R', 'JOBSON DJ', 'RAHMAN ZU', 'WOODELL GA', 'KIM V', 'YAROSLAVSKII L', 'KOBER V', 'MOZEROV M', 'ALVAREZ-BORREGO J', 'KOBER V I', 'KARNAUKHOV V N', 'MOZEROV MG', 'MOZEROV MI', 'LAND EH', 'MCCANN JJ', 'OPPENHEIAV', 'SCHAFER RW', 'STOCKHAM TG', 'PODDAR SHASHI', 'TEWARY SUMAN', 'SHARMA DEEWAKAR', 'POLESEL A', 'RAMPONI G', 'MATHEWS VJ', 'SCHREIBER WF', 'SHEET DEBDOOT', 'GARUD HRUSHIKESH', 'SUVEER AMIT', 'SHIN YONGHUN', 'JEONG SOOWOONG', 'LEE SANGKEUN', 'THOMAS GABRIEL', 'FLORES-TAPIA DANIEL', 'PISTORIUS STEPHEN', 'WANG SHUHANG', 'ZHENG JIN', 'HU HAI-MIAO'];JOURNAL OF COMMUNICATIONS TECHNOLOGY AND ELECTRONICS;Russia
Optimal control of data transmission in a mobile two-agent robotic system;['KUZNETSOV NA', 'MYASNIKOV DV', 'SEMENIKHIN KV'];['ALTMAN E', 'CESARE KYLE', 'SKEELE RYAN', 'YOO SOO-HYUN', 'CHOI DAE HYUNG', 'KIM SEONG HWAN', 'SUNG DAN KEUN', 'FLOYD SALLY', 'JACOBSON VAN', 'HO DAC-TU', 'GROTLI ESTEN INGAR', 'SUJIT P B', 'HORDIJK A', 'SPIEKSMA F', 'MILLER ALEKSANDER', 'MILLER BORIS', 'POPOV ALEXEY', 'MILLER B M', 'MILLER G B', 'SEMENIKHIN K V', 'MYASNIKOV D V', 'SIEMENIKHIN K V'];JOURNAL OF COMMUNICATIONS TECHNOLOGY AND ELECTRONICS;Russia
Spin and dipole order in geometrically frustrated mixed-valence manganite Pb3Mn7O15;['IVANOV SA', 'BUSH AA', 'HUDL M', 'STASH AI', 'ANDRE G', 'TELLGREN R', 'CHEREPANOV VM', 'STEPANOV AV', 'KAMENTSEV KE', 'TOKUNAGA Y', 'TAGUCHI Y', 'TOKURA Y', 'NORDBLAD P', 'MATHIEU R'];['ABAKUMOV ARTEM M', 'HADERMANN JOKE', 'TSIRLIN ALEXANDER A', 'ALSHIN BI', 'ATROV DN', 'BATUROV LN', 'BERTAUT EF', 'BOUGEROL C', 'GORIUS MF', 'GREY IE', 'CHOUDHURY D', 'MANDAL P', 'DALCHIELE EA', 'CATTARIN S', 'MUSIANI M', 'DARRIET B', 'DEVALETTE M', 'LATOURRETTE B', 'GOODENOUGH JB', 'GREEDAN JE', 'HOLTSTAM D', 'LINDQVIST B', 'JOHNSSON M', 'KANAMORI J', 'KIM KH', 'UEHARA M', 'KIRYUKHIN V', 'KIMBER SIMON A J', 'ATTFIELD J PAUL', 'KIMURA T', 'GOTO T', 'SHINTANI H', 'KAWAMOTO S', 'YAMADA I', 'GUILLEN F', 'LEPAGE Y', 'CALVERT LD', 'LIN WEN-CHIN', 'WU C B', 'HSU P J', 'LOCHERER T', 'DINNEBIER R', 'KREMER R K', 'MARSH RE', 'HERBSTEIN FH', 'MOMMA KOICHI', 'IZUMI FUJIO'];JOURNAL OF MATERIALS SCIENCE-MATERIALS IN ELECTRONICS;Russia
Continuous finite- and fixed-time high-order regulators;['BASIN M', 'SHTESSEL Y', 'ALDUKALI F'];['AHN CHOON KI', 'SHI PENG', 'BASIN MICHAEL V', 'BASIN MICHAEL', 'SHTESSEL YURI', 'ALDUKALI FATHI', 'BHAT SP', 'BERNSTEIN DS', 'CRUZ-ZAVALA EMMANUEL', 'MORENO JAIME A', 'FRIDMAN LEONID M', 'KHOO SUIYANG', 'YIN JULIANG', 'MAN ZHIHONG', 'LEVANT A', 'OSORIO MARISOL', 'PAK JUNG MIN', 'SHMALIY YURIY S', 'PERRUQUETTI WILFRID', 'FLOQUET THIERRY', 'MOULAY EMMANUEL', 'POLYAKOV ANDREI', 'POZNYAK ALEX', 'POLYAKOV ANDREY', 'FRIDMAN LEONID', 'WU LIGANG', 'ZHENG WEI XING', 'GAO HUIJUN', 'WU YQ', 'YU XH', 'MAN ZH', 'ZHANG HUI', 'WANG JUNMIN', 'ZHANG GUOGUANG', 'ZHANG LIXIAN', 'WANG SHUN', 'KARIMI HAMID REZA'];JOURNAL OF THE FRANKLIN INSTITUTE-ENGINEERING AND APPLIED MATHEMATICS;Russia
Plasmon-assisted aggregation and spectral modification of the layered rhodamine 6G molecules;['KAMALIEVA A', 'TOROPOV N', 'REZNIK I', 'VARTANYAN T'];['BERGMAN DJ', 'STOCKMAN MI', 'BUJDAK J', 'IYI N', 'KANEKO Y', 'FLEISCHMANN M', 'HENDRA PJ', 'MCQUILLAN AJ', 'HAGLUND RF', 'YANG L', 'MAGRUDER RH', 'KAMALIEVA AISYLU N', 'TOROPOV NIKITA A', 'VARTANYAN TIGRAN A', 'KELLY KL', 'CORONADO E', 'ZHAO LL', 'LYON LA', 'MUSICK MD', 'SMITH PC', 'MARTINEZ VM', 'ARBELOA FL', 'PRIETO JB', 'NOGINOV M A', 'ZHU G', 'BELGRAVE A M', 'NOVOTNY L', 'BIAN RX', 'XIE XS', 'POPOV O', 'LIRTSMAN V', 'DAVIDOV D', 'RAI VIRENDRA N', 'SRIVASTAVA ARVIND K', 'MUKHERJEE CHANDRACHUD', 'RITCHIE G', 'BURSTEIN E', 'SASAI R', 'FUJITA T', 'SHINOZAKI R', 'NAKATO T', 'PARFENOV PETER S', 'WALSH CB', 'FRANSES EI', 'ZIDAN HM', 'ABU-ELNADER M'];OPTICAL AND QUANTUM ELECTRONICS;Russia
Effect of submicron deformations on the transmission of all-solid photonic bandgap fibre;['KONYUKHOV AI', 'ROMANOVA EA', 'BENSON TM', 'ATHANASIOU GS', 'LOUSTEAU J', 'SCARPIGNATO G', 'PUGLIESE D', 'MILANESE D'];['ARGYROS A', 'BIRKS TA', 'LEON-SAVAL SG', 'BIRKS T A', 'LUAN F', 'PEARCE G J', 'BRILLAND LAURENT', 'TROLES JOHAN', 'HOUIZOT PATRICK', 'CAILLAUD CELINE', 'RENVERSEZ GILLES', 'DE OLIVEIRA RAFAEL E P', 'KNIGHT JONATHAN C', 'TARU TOSHIKI', 'ELISEEV MV', 'ROZHNEV AG', 'MANENKOV AB', 'GUOBIN R', 'ZHI W', 'SHUQIN L', 'HADLEY GR', 'HILL C J', 'JHA A', 'LAEGSGAARD J', 'LEHOUCQ R', 'LI MING-JUN', 'WEST JAMES A', 'KOCH KARL W', 'LOUSTEAU JORIS', 'SCARPIGNATO GERARDO', 'ATHANASIOU GIORGOS S', 'MOUAWAD O', 'AMRANI F', 'KIBLER B', 'PUREUR VINCENT', 'BOUWMANS GERAUD', 'PERRIN MATHIAS', 'REN GUOBIN', 'SHUM PING', 'ZHANG LIREN', 'SAITOH SHOTA', 'SAITOH KUNIMASA', 'KASHIWAGI MASAHIRO', 'SCARMOZZINO R', 'OSGOOD RM', 'SCHMIDT MARKUS A', 'GRANZOW NICOLAI', 'DA NING', 'SNOPATIN G E', 'CHURBANOV M F', 'PUSHKIN A A', 'TOUPIN PERRINE', 'MECHIN DAVID', 'VANVINCQ O', 'KUDLINSKI A', 'BETOURNE A', 'WANGUEMERT-PEREZ JG', 'MOLINA-FERNANDEZ M', 'LUQUE-NIETO MA', 'XUE SC', 'LARGE MCJ', 'BARTON GW', 'YAN PEI-GUANG', 'ZHAO JIAN', 'RUAN SHUANG-CHEN'];OPTICAL AND QUANTUM ELECTRONICS;Russia
Retrieving Profile Temperatures in a Frozen Topsoil Near the TFS, Alaska, Based on SMOS Brightness Temperatures at the 1.4-GHz Frequency;['MIRONOV VL', 'MUZALEVSKIY KV', 'RUZICKA Z'];['BOBROV P P', 'MIRONOV V L', 'YASHCHENKO A S', 'CAMPS A', 'VALL-LLOSSERA N', 'DUFFO N', 'FILY M', 'ROYER A', 'GOITA K', 'HACHEM S', 'DUGUAY C R', 'ALLARD M', 'JONES LUCAS A', 'KIMBALL JOHN S', 'MCDONALD KYLE C', 'KERR YANN H', 'WALDTEUFEL PHILIPPE', 'WIGNERON JEAN-PIERRE', 'LAWRENCE HEATHER', 'DEMONTOUX FRANCOIS', 'LEMMETYINEN JUHA', 'PULLIAINEN JOUNI', 'REES ANDREW', 'SCHWANK MIKE', 'RAUTIAINEN KIMMO', 'MIALON ARNAUD', 'CORET LAURENT', 'MIRONOV VALERY', 'SAVIN IGOR', 'MIRONOV VALERY L', 'MUZALEVSKIY KONSTANTIN V', 'SAVIN IGOR V', 'DE ROO ROGER D', 'MAETZLER CHRISTIAN', 'WIESMANN ANDREAS', 'SHAOJIE ZHAO', 'LIXIN ZHANG', 'TAO ZHANG', 'SULLIVAN PATRICK F', 'SOMMERKORN MARTIN', 'RUETH HEATHER M', 'WIGNERON J-P', 'KERR Y', 'WALDTEUFEL P', 'CHANZY ANDRE'];IEEE TRANSACTIONS ON GEOSCIENCE AND REMOTE SENSING;Russia
ADVANCED SAMPLE IONIZATION METHOD IN ION MOBILITY SPECTROMETER;['BELYAKOV VV', 'MATUSKO MA', 'GOLOVIN AV', 'GROMOV EA'];['CARR TW', 'EICEMAN GA', 'PERSHENKOV VS', 'TREMASOV AD', 'TABRIZCHI M', 'ABEDI A'];FACTA UNIVERSITATIS-SERIES ELECTRONICS AND ENERGETICS;Russia
ELECTROMAGNETIC PULSE EFFECTS AND DAMAGE MECHANISM ON THE SEMICONDUCTOR ELECTRONICS;['SHURENKOV VV', 'PERSHENKOV VS'];['HWANG S M', 'HONG J I', 'HUH C S', 'XIE FEI', 'CAO BING', 'LIU CHENGLONG'];FACTA UNIVERSITATIS-SERIES ELECTRONICS AND ENERGETICS;Russia
Experimental Studies of Temperature Dependence of Transfer Function of Molecular Electronic Transducers at High Frequencies;['ZAITSEV DL', 'DUDKIN PV', 'KRISHTOP TV', 'NEESHPAPA AV', 'POPOV VG', 'USKOV VV', 'KRISHTOP VG'];"['AGAFONOV VM', 'EGOROV EV', '¿√¿‘ŒÕŒ¬ ¬¿ƒ»Ã Ã»’¿…ÀŒ¬»◊', '≈√Œ–Œ¬ »¬¿Õ ¬À¿ƒ»Ã»–Œ¬»◊', 'ÿ¿¡¿À»Õ¿ ¿ÕÕ¿ —≈–√≈≈¬Õ¿', 'EGOROV IV', 'SHABALINA AS', 'AGAFONOV V M', 'ZAITSEV D L', 'HUANG HAI', 'AGAFONOV VADIM', 'YU HONGYU', 'KOULAKOV IVAN', 'JAXYBULATOV KAYRLY', 'SHAPIRO NIKOLAY M', 'KOZLOV VA', 'MATVEEV VM', ""PET'KIN NV"", ""TERENT'EV DA"", 'KRISHTOP V G', 'BUGAEV A S', 'LARKAM CW', 'À≈¬◊≈Õ Œ ƒÃ»“–»… √≈–¿—»ÃŒ¬»◊', ' ”«»Õ »¬¿Õ œ≈“–Œ¬»◊', '—¿‘ŒÕŒ¬ Ã¿ —»Ã ¬À¿ƒ»Ã»–Œ¬»◊', 'LEVCHENKO DG', 'KUZIN IP', 'SAFONOV MV', 'PAPOULIA J', 'NICOLICH R', 'MAKRIS J', 'ZAITSEV DMITRY', 'EGOROV EGOR', 'ZAITSEV DMITRY L', 'AGAFONOV VADIM M', 'EGOROV EGOR V']";IEEE SENSORS JOURNAL;Russia
Access Control Protocol With Node Privacy in Wireless Sensor Networks;['KUMAR P', 'GURTOV A', 'IINATTI J', 'SAIN M', 'HA PH'];['BHUSE VIJAY', 'GUPTA AJAY', 'AL-FUQAHA ALA', 'CHAN HW', 'PERRIG A', 'SONG D', 'CHEN CHENG-YEH', 'YEIN ALAN DAHGWO', 'HSU TE-CHENG', 'CHENG YI', 'AGRAWAL DHARMA P', 'DEBNATH ASHMITA', 'SINGARAVELU PRADHEEPKUMAR', 'VERMA SHEKHAR', 'DROZDA MARTIN', 'SCHAUST SVEN', 'SZCZERBICKA HELENA', 'DU XIAOJIANG', 'GUIZANI MOHSEN', 'XIAO YANG', 'HE DAOJING', 'CHAN SAMMY', 'HUANG D', 'HUANG HUI-FENG', 'JONES PE', 'KAUR AMANINDER', 'KUMAR PANKAJ', 'KUMAR PARITOSH', 'KIM BYOUNG-KUG', 'HONG SUNG-HWA', 'HUR KYEONG', 'KIM HYUN-SUNG', 'LEE SUNG-WOON', 'KIM KYONG-JIN', 'HONG SENG-PHIL', 'KUMAR PARDEEP', 'GURTOV ANDREI', 'IINATTI JARI', 'LEE HWASEONG', 'SHIN KILHO', 'LEE DONG HOON', 'LEVIS P', 'LI YUN', 'REN JIAN', 'WU JIE', 'LIU XUXUN', 'NIE PIN', 'VAHA-HERTTUA JUHO', 'AURA TUOMAS', 'PENG JIAN', 'LIU TANG', 'LI HONGYOU', 'PONGALIUR KANTHAKUMAR', 'XIAO LI', 'SHEN JIAN', 'MOH SANGMAN', 'CHUNG ILYONG', 'SICARI SABRINA', 'GRIECO LUIGI ALFREDO', 'BOGGIA GENNARO', 'YANG GENG', 'LI SEN', 'XU XIAOLONG'];IEEE SENSORS JOURNAL;Russia
Electron beam induced current microscopy investigation of GaN nanowire arrays grown on Si substrates;['NEPLOKH V', 'ALI A', 'JULIEN FH', 'FOLDYNA M', 'MUKHIN I', 'CIRLIN G', 'HARMAND JC', 'GOGNEAU N', 'TCHERNYCHEVA M'];['ARULKUMARAN S', 'EGAWA T', 'ISHIKAWA H', 'BABICHEV A V', 'ZHANG H', 'LAVENUS P', 'BARICK B K', 'RODRIGUEZ-FERNANDEZ CARLOS', 'CANTARERO ANDRES', 'BENGOECHEA-ENCABO A', 'ALBERT S', 'LOPEZ-ROMERO D', 'CANSIZOGLU MEHMET F', 'HAMAD SAMIR M', 'NORMAN DEVER P', 'FAN SHIZHAO', 'ALOTAIBI BANDAR', 'WOO STEFFI Y', 'FARRELL R M', 'NEUFELD C J', 'CRUZ S C', 'FINCK B Y', 'SCHWARTZ B J', 'FURTMAYR FLORIAN', 'VIELEMEYER MARTIN', 'STUTZMANN MARTIN', 'GALVAGNO G', 'LAVIA F', 'SAGGIO MG', 'PRIOLO F', 'GLAS FRANK', 'HSU L', 'WALUKIEWICZ W', 'JACOPIN G', 'BUGALLO A DE LUNA', 'RIGUTTI L', 'KISHINO K', 'YANAGIHARA A', 'IKEDA K', 'KRAUSE O', 'RYSSEL H', 'PICHLER P', 'LARGEAU L', 'DHEERAJ D L', 'LARGEAU LUDOVIC', 'GALOPIN ELISABETH', 'GOGNEAU NOELLE', 'LASKAR MASIHHUR R', 'CARNEVALE SANTINO D', 'SARWAR A T M GOLAM', 'MESSANVI A', 'LEAMY HJ', 'MATIOLI ELISON', 'NEUFELD CARL', 'IZA MICHAEL', 'MI Z', 'NGUYEN H P T', 'CUI K', 'MOZHAROV A', 'BOLSHAKOV A', 'MOZHAROV A M', 'BOLSHAKOV A D', 'KUDRYASHOV D A', 'SINGH VP', 'SINGH RS', 'PARTHASARATHY B'];MATERIALS SCIENCE IN SEMICONDUCTOR PROCESSING;Russia
Fast and Reliable Method of Searching Power System Marginal States;['AYUEV BI', 'DAVYDOV VV', 'EROKHIN PM'];['ALVARADO F', 'DOBSON I', 'HU Y', 'AVALOS RAFAEL J', 'CANIZARES CLAUDIO A', 'MILANO FEDERICO', 'CANIZARES CA', 'ALVARADO FL', 'DEMARCO CL', 'CHIANG HD', 'FLUECK AJ', 'SHAH KS', 'LU LM', 'HISKENS IA', 'DAVY RJ', 'HU ZECHUN', 'WANG XIFAN', 'IBA K', 'SUZUKI H', 'EGAWA M', 'JEANJUMEAU R', 'KATAOKA Y', 'SHINODA Y', 'MILANO F', 'SOUSA ANDREA A', 'TORRES GERALDO L', 'VANCUTSEM T', 'VENIKOV VA', 'STROEV VA', 'IDELCHICK VI', 'ZHANG J'];IEEE TRANSACTIONS ON POWER SYSTEMS;Russia
Stabilizing effect of diamond thin film on nanostructured silicon carbide field emission array;['GOLUBKOV VA', 'IVANOV AS', 'ILYIN VA', 'LUCHININ VV', 'BOGDANOV SA', 'CHERNOV VV', 'VIKHAREV AL'];"['AFANASYEV A V', 'IVANOV B V', 'ILYIN V A', 'ALEKSENSKIY A E', 'EYDELMAN E D', ""VUL' A YA"", 'BANDIS C', 'PATE BB', 'CHOI J H', 'LATU-ROMAIN L', 'BANO E', 'EDELSTEIN RS', 'GOUZMAN I', 'FOLMAN M', 'GEIS MW', 'TWICHELL JC', 'MACAULAY J', 'LYSZCZARZ TM', 'GRONING O', 'KUTTEL OM', 'GRONING P', 'IVANOV O A', 'GORBACHEV A M', 'VIKHAREV A L', 'KANG MYUNG-GYU', 'LEZEC HENRI J', 'SHARIFI FRED', 'GROENING O', 'SCHLAPBACH L', 'LIU J', 'ZHIRNOV VV', 'WOJAK GJ', 'LO HC', 'DAS D', 'HWANG JS', 'MUCHNIKOV A B', 'NEMANICH RJ', 'BAUMANN PK', 'BENJAMIN MC', 'OKANO K', 'HOSHINA K', 'IIDA M', 'GLEASON KK', 'SHOVLIN JD', 'KORDESCH ME', 'SUMANT ANIRUDHA V', 'GILBERT P U P A', 'GRIERSON DAVID S', 'WILLIAMS O A', 'WU RENBING', 'ZHOU KUN', 'WEI JUN', 'YAMAGUCHI H', 'MASUZAWA T', 'NOZUE S', 'VORONIN AB', 'GIVARGIZOV EI', 'ZHU W', 'KOCHANSKI GP', 'JIN S']";JOURNAL OF VACUUM SCIENCE & TECHNOLOGY B;Russia
Toward reliable photoconductive atomic force microscopy measurements;['SVIRIDOV DE', 'KOZLOVSKY VI'];['ADIYATULLIN A F', 'SHEVTSOV S V', 'SVIRIDOV D E', 'ALEKSEEV PROKHOR A', 'DUNAEVSKIY MIKHAIL S', 'ULIN VLADIMIR P', 'ALEXEEV A', 'LOOS J', 'KOETSE MM', 'BEINIK IGOR', 'KRATZER MARKUS', 'WACHAUER ASTRID', 'BERGER RUEDIGER', 'DOMANSKI ANNA L', 'WEBER STEFAN A L', 'BLAKESLEY JAMES C', 'CASTRO FERNANDO A', 'BUH GH', 'KOPANSKI JJ', 'MARCHIANDO JF', 'CARLSON RO', 'SLACK GA', 'SILVERMAN SJ', 'COFFEY DAVID C', 'REID OBADIAH G', 'RODOVSKY DEANNA B', 'DATSKOS PG', 'RAJIC S', 'DATSKOU I', 'ECONOMOU NICHOLAS J', 'MUBEEN SYED', 'BURATTO STEVEN K', 'HAMADANI BEHRANG H', 'GERGEL-HACKETT NADINE', 'HANEY PAUL M', 'HEINEN BERND', 'MOELLER CHRISTOPH', 'JANDIERI KAKHABER', 'HONG SEUNG SAE', 'CHA JUDY J', 'CUI YI', 'KAMKAR DANIEL A', 'WANG MINGFENG', 'WUDL FRED', 'KLEIDER JEAN-PAUL', 'ALVAREZ JOSE', 'ANKUDINOV ALEXANDER VITALIEVITCH', 'KRATZER M', 'RUBEZHANSKA M', 'PREHAL C', 'LEE JEONGJIN', 'CHOI INHEE', 'HONG SURIN', 'NARUMANCHI S', 'NIKIFOROV MAXIM P', 'DARLING SETH B', 'NOVIKOVA SI', 'OHSONE Y', 'WU G', 'DRYDEN J', 'OLBRICH A', 'EBERSBERGER B', 'BOIT C', 'RAMOS DANIEL', 'MERTENS JOHANN', 'CALLEJA MONTSERRAT', 'SAKAGUCHI H', 'IWATA F', 'HIRAI A', 'SMOLINER J', 'BREZNA W', 'SPITZER WG', 'WHELAN JM', 'SUN Z G', 'KURAMOCHI H', 'AKINAGA H'];JOURNAL OF VACUUM SCIENCE & TECHNOLOGY B;Russia
Wave Breaking in Slicks: Impacts on C-Band Quad-Polarized SAR Measurements;['WERGELAND M', 'KUDRYAVTSEV V', 'CHAPRON B', 'BREKKE C', 'JOHANNESSEN JA'];['ALPERS W', 'HUHNERFUSS H', 'ELFOUHAILY T', 'THOMPSON DR', 'VANDEMARK D', 'ERICSON EA', 'LYZENGA DR', 'WALKER DT', 'ERMAKOV SA', 'SALASHIN SG', 'PANCHENKO AR', 'ZUJKOVA AM', 'ESPEDAL HA', 'JOHANNESSEN OM', 'GADE M', 'GARRETT WD', 'IVONIN D V', 'SKRUNES S', 'KOZLOV I', 'MAKIN V', 'AKIMOV D', 'JOHANNESSEN J', 'HAUSER D', 'CAUDAL G', 'KUDRYAVTSEV VLADIMIR', 'MYASOEDOV ALEXANDER', 'CHAPRON BERTRAND', 'KUDRYAVTSEV VLADIMIR N', 'MYASOEDOV ALEXANDER G', 'LONGUETHIGGINS MS', 'CLEAVER RP', 'LUSCOMBE ANTHONY', 'MINCHEW BRENT', 'MOUCHE ALEXIS A', 'HAUSER DANIELE', 'PHILLIPS OM', 'SKRUNES STINE', 'BREKKE CAMILLA', 'ELTOFT TORBJORN', 'YIN JUNJUN', 'YANG JIAN', 'ZHOU ZHENG-SHU', 'YUROVSKAYA M V', 'DULOV V A', 'ZHANG BIAO', 'PERRIE WILLIAM', 'LI XIAOFENG'];IEEE JOURNAL OF SELECTED TOPICS IN APPLIED EARTH OBSERVATIONS AND REMOTE SENSING;Russia
Effect of Wind and Hydrographic Conditions on the Transport of Vistula Lagoon Waters Into the Baltic Sea: Results of a Combined Experiment;['LAVROVA O', 'KRAYUSHKIN E', 'GOLENKO M', 'GOLENKO N'];['BERDEAL IG', 'HICKEY BM', 'KAWASE M', 'CHUBARENKO B', 'MARGONSKI P', 'ƒ≈Ã»ƒŒ¬ ¿Õ', 'Ã€—À≈Õ Œ¬ —¿', '√–»÷≈Õ Œ ¬¿', 'DEMIDOV AN', 'MYSLENKOV SA', 'GRITSENKO VA', 'FINNI T', 'KONONEN K', 'OLSONEN R', 'FONG DA', 'GEYER WR', 'GADE MARTIN', 'SEPPKE BENJAMIN', 'DRESCHLER-FISCHER LEONIE', 'GINZBURG A I', 'BULYCHEVA E V', 'KOSTIANOY A G', 'GOLENKO M N', 'GOLENKO N N', 'GUROVA EVGENIA', 'CHUBARENKO BORIS', 'HICKEY B', 'GEIER S', 'KACHEL N', 'KAHRU M', 'ELMGREN R', 'KARIMOVA SVETLANA', 'OSINSKI ROBERT', 'RAK DANIEL', 'WALCZOWSKI WALDEMAR', 'OU SUYING', 'ZHANG HONG', 'WANG DONG-XIAO', 'PINONES A', 'VALLE-LEVINSON A', 'NARVAEZ DA', 'RUD O', 'GADE M', 'WHITNEY MM', 'GARVINE RW'];IEEE JOURNAL OF SELECTED TOPICS IN APPLIED EARTH OBSERVATIONS AND REMOTE SENSING;Russia
Two approaches to solving the problem of diffraction by a cylindrical body with a coordinate-dependent refractive index;['MANENKOV SA'];['ANYUTIN A P', 'KORSHUNOV I P', 'SHATROV A D', 'DEBOOR C', 'KYURKCHAN AG', 'ANYUTIN AP', 'SMIRNOVA NI', 'SAMOKHIN AB', 'ZHUK NP', 'YAROVOI AG'];JOURNAL OF COMMUNICATIONS TECHNOLOGY AND ELECTRONICS;Russia
The accuracy of coordinate measurements in multistatic radar systems with complex consideration for primary measurement errors due to noise, atmospheric fluctuations, and uncertainty in position topo binding;['KRYUCHKOV IV', 'SLUKIN GP', 'CHAPURSKII VV'];['CHERNYAK VS'];JOURNAL OF COMMUNICATIONS TECHNOLOGY AND ELECTRONICS;Russia
Modification of the nonlinear kalman filter in a correction scheme of aircraft navigation systems;['SHAKHTARIN BI', 'SHEN K', 'NEUSYPIN KA'];"['ƒ≈¬ﬂ“»—»À‹Õ€… ¿—', '◊»—ÀŒ¬  ¿', ""DEVYATISIL'NYI AS"", 'CHISLOV KA', 'PROLETARSKII AV', 'SIMANDL M', 'KRALOVEC J', 'TICHAVSKY P', 'STEPANOV OA', 'MURAVCHIK CH', 'NEHORAI A']";JOURNAL OF COMMUNICATIONS TECHNOLOGY AND ELECTRONICS;Russia
Radio lighting based on ultrawideband dynamic chaos generators;['DMITRIEV AS', 'EFREMOVA EV', 'GERASIMOV MY', 'ITSKOV VV'];['BEZRUCHKO BP', 'KUZNETSOV SP', 'TRUBETSKOV DI', 'DMITRIEV A S', 'KLETSOV A V', 'LAKTYUSHKIN A M', 'EFREMOVA E V', 'NIKISHOV A YU', 'GULYAYEV YV', 'GODIK EE', 'KALOSHIN V A', 'MARTYNOV E S', 'SKORODUMOVA E A', 'KISLOV VY', 'ZALOGIN NN', 'MYASIN EA', 'POLIVKA J', 'FIALA P', 'MACHAC J', 'SKLAR B'];JOURNAL OF COMMUNICATIONS TECHNOLOGY AND ELECTRONICS;Russia
Calculation of acousto-electronic devices based on original models of piezoelectric and magnetostriction currents;['GUBATENKO VP', 'PAVLENKO OG'];"['AULD BA', 'COQUIN GA', 'TIERSTEN HF', 'FURDUEV VV', ""GANAPOL'SKII EM"", 'HURLBURT DH', 'JOSHI SG', 'WHITE RM', 'KINO GS', 'LUDVIK S', 'SHAW HJ', 'KOSHELEVA EM', 'LEWIS JA', 'SVETOV BS', 'ZYURYUKIN YA']";JOURNAL OF COMMUNICATIONS TECHNOLOGY AND ELECTRONICS;Russia
Formation of the two-dimensional image edge in two diffraction orders in the process of triple Bragg diffraction;['KOTOV VM', 'SHKERDIN GN', 'AVERIN SV'];['BALAKSHY VI', 'VOLOSHINOV VB', 'BABKINA TM', 'BALAKSHY VLADIMIR I', 'KOSTYUK DMITRY E', 'KOTOV V M', 'SHKERDIN G N', 'SHKERDIN D G', 'BULYUK A N', 'AVERIN S V', 'SHKEDRIN G N'];JOURNAL OF COMMUNICATIONS TECHNOLOGY AND ELECTRONICS;Russia
Following-wave amplification mode of a clinotron;['GAMAYUNOV YG', 'PATRUSHEVA EV', 'ROZHNEV AG'];['ANDRUSHKEVICH V S', 'GAMAYUNOV YU G', 'PATRUSHEVA E V', 'EREMKA VD', 'LEVIN GY', '–Œ∆Õ®¬ ¿√', '–€— »Õ ÕÃ', ' ¿–≈“Õ» Œ¬¿ “¿', 'RYSKIN NM', 'KARETNIKOVA TA'];JOURNAL OF COMMUNICATIONS TECHNOLOGY AND ELECTRONICS;Russia
States of a one-dimensional electron flow;['CHIKHACHEV AS'];['HAHN WC', ' Œ¬¿À≈Õ Œ ﬁ¿', '◊≈–Õ€ÿ®¬ “¬', '◊»’¿◊®¬ ¿—', 'KOVALENKO YA', 'CHERNISHEV TV', 'KOVALENKO YU A', 'CHERNYSHEV T V', 'CHIKHACHEV A S', 'STERNBERG NATALIA', 'GODYAK VALERY'];JOURNAL OF COMMUNICATIONS TECHNOLOGY AND ELECTRONICS;Russia
Pure shear backward waves in the X-cut and Y-cut piezoelectric plates of potassium niobate;['KUZNETSOVA IE', 'MOZHAEV VG', 'NEDOSPASOV IA'];"['BALAKIREV MK', 'GILINSKY IA', 'POPOV VV', 'BLEUSTEIN JL', 'BURLAK GN', 'BURLII PV', ""IL'IN PP"", 'KUCHEROV IYA', 'ILIN PP', 'KUCHEROV IY', 'GERMANO M', 'ALIPPI A', 'BETTUCCI A', 'GRIGOREVSKII VI', 'KOZLOV AI', 'PLESSKII VP', 'MALYARENKO EV', 'LAMB H', 'LYAMSHEV LM', 'SHEVYAKHOV NS', 'MARYSHEVA TN', 'MEITZLER AH', 'NEGISHI K', 'PARYGIN VN', 'VERSHOUBSKIY AV', 'PRADA CLAIRE', 'CLORENNEC DOMINIQUE', 'MURRAY TODD W', 'SHUVALOV A L', 'PONCELET O', 'TOLSTOY I', 'USDIN E', 'TSENG CC', 'VIKTOROV IA', 'VOLOSHINOV V B', 'NIKITIN P A', 'TRUSHIN A S', 'WOLF J', 'NGOC TDK', 'KILLE R', 'YANTCHEV VENTSISLAV', 'ARAPAN LILIA', 'KATARDJIEV ILIA', 'ZAITSEV BD', 'BORODINA IA']";JOURNAL OF COMMUNICATIONS TECHNOLOGY AND ELECTRONICS;Russia
Application of superconducting integrated receiver in the TELIS instrument for the spectroscopic study of atmosphere;['KISELEV OS', 'ERMAKOV AB', 'KOSHELETS VP', 'FILIPPENKO LV'];['DE LANGE A', 'BIRK M', 'DE LANGE G', 'FRIEDL-VALLON F', 'MAUCHER G', 'SEEFELDNER M', 'KASAI Y', 'SAGAWA H', 'KREYLING D', 'KOSHELETS VALERY P', 'DMITRIEV PAVEL N', 'FALEY MICHAEL I', 'SHITOV SV', 'SATO T O', 'BARON P', 'XU J'];JOURNAL OF COMMUNICATIONS TECHNOLOGY AND ELECTRONICS;Russia
Ionospheric Effects of a Solar Eclipse of March 20, 2015 on Oblique Sounding Paths in the Eurasian Longitudinal Sector;['URYADOV VP', 'KOLCHEV AA', 'VYBORNOV FI', 'SHUMAEV VV', 'EGOSHIN AI', 'CHERNOV AG'];['AFRAIMOVICH EL', 'KOSOGOROV EA', 'LESYUTA OS', 'ALTADILL D', 'SOLE JG', 'APOSTOLOV EM', 'BARON MJ', 'HUNSUCKERD', 'BRYUNELLI BE', 'CHEN GANG', 'WU CHEN', 'HUANG XUEQIN', 'ZHAO ZHENGYU', 'ZHANG YUANNONG', 'CHIMONAS G', 'HINES CO', 'DANILOV AD', 'BELIK LD', 'FRITTS DC', 'LUO ZG', 'GERASOPOULOS E', 'ZEREFOS C S', 'TSAGOURI I', 'HANUISE C', 'BROCHE P', 'OGUBAZGHI G', 'HUNSUCKER RD', 'JONES TB', 'WRIGHT DM', 'MILNER J', 'LABELLE I', 'LE H', 'LIU L', 'YUE X', 'MILAN SE', 'LESTER M', 'LEONOV AM', 'PONYATOV AA', 'VERTOGRADOV GG', 'VERTOGRADOVA EG'];RADIOPHYSICS AND QUANTUM ELECTRONICS;Russia
Multistability of the Roller Structures of Parametrically Excited Capillary Waves in the Case of Polygonal Boundaries;['KIYASHKO SV', 'AFENCHENKO VO', 'NAZAROVSKY AV'];"['AFENCHENKO V O', 'EZERSKY A B', 'KAVERIN B S', 'EDWARDS WS', 'FAUVE S', 'EZERSKII AB', 'RABINOVICH MI', 'REUTOV VP', 'EZERSKY AB', 'MATUSOV PA', 'GELENS L', 'BERI S', 'VAN DER SANDE G', 'KIYASHKO S V', 'NAZAROVSKII A V', 'KORZINOV LN', 'NGONGHALA CALISTUS N', 'FEUDEL ULRIKE', 'SHOWALTER KENNETH', 'OZBUDAK EM', 'THATTAI M', 'LIM HN', 'SHEVTSOVA VM', 'MELNIKOV DE', 'LEGROS JC', 'SUN HY', 'MA LX', 'WANG L', 'ZAKHAROV VE', ""L'VOV VS"", 'MUSHER SL']";Radiophysics and Quantum Electronics;Russia
Generalized Discrete Model of Systems with Distributed Feedback Based on Surface Acoustic Waves;['SVESHNIKOV BV', 'BAGDASARYAN AS'];['ANISIMKIN VI', 'GAMBLE KJ', 'MALOCHA DC', 'KODAMA T', 'KAWABATA H', 'YASUHARA Y', 'KOYAMADA Y', 'YOSHIKAWA S', 'MARTIN GUENTER', 'BIRYUKOV SERGEY V', 'SCHMIDT HAGEN', 'MORGAN DP', 'PASKHIN VM', 'SANDLER MS', 'PLESSKY VICTOR P', 'LAMOTHE MARC', 'DAVIS ZACHARY J', 'SVESHNIKOV B', 'SUCHKOV SG', 'YANKIN SS', 'SHITVOV AP', 'BHATTACHARJEE KK'];RADIOPHYSICS AND QUANTUM ELECTRONICS;Russia
Mechanisms of erenkov Superradiance of Extended Electron Bunches in Oversized Corrugated Waveguides;['GINZBURG NS', 'ZASLAVSKY VY', 'ZHELEZNOV IV', 'ZOTOVA IV', 'MALKIN AM', 'SERGEEV AS', 'KOCHAROVSKAYA ER', 'YALANDIN MI'];['BRATMAN VL', 'DENISOV GG', 'KOLCHUGIN BD', 'ELTCHANINOV AA', 'KOROVIN SD', 'ROSTOV VV', 'GINZBURG N S', 'MALKIN A M', 'SERGEEV A S', 'ZOTOVA I V', 'NOVOZHILOVA NY', 'NOVOZHILOVA YV', 'KATZENELENBAUM BZ', 'KOROVIN S D', 'ELTCHANINOV A A', 'ROSTOV V V', 'MESYATS GA', 'POWER J G', 'ELCHANINOV A A', 'ROMANCHENKO I V', 'SHPAK VG', 'SHUNAILOV SA', 'ZHELEZNYAKOV VV', 'KOCHAROVSKII VV', 'KOCHAROVSKII VIV'];Radiophysics and Quantum Electronics;Russia
Gain and Efficiency of a Superconducting Microwave Compressor with a Switching Cavity in an Interference Switch;['ARTEMENKO SN', 'SAMOYLENKO GM'];['ALTMAN JL', 'ARTEMENKO S N', 'SAMOILENKO G M', 'VIKHAREV A L', 'GORBACHEV A M', 'IVANOV O A'];Radiophysics and Quantum Electronics;Russia
Studying the Influence of Opening Angles of Planar Short Slot Microwave Antennas on Their Electrodynamic Characteristics;['ZAYARNY VP', 'PARPULA SA', 'GIRICH VS', 'PONOMAREV IN'];['FROLOV A A', 'GIRICH S V', 'ZAYARNY V P', 'JANASWAMY R', 'SCHAUBERT DH'];Radiophysics and Quantum Electronics;Russia
Regimes of Generation in Low-Q Distributed-Feedback Lasers with Strong Inhomogeneous Broadening of the Active Medium;['KOCHAROVSKAYA ER', 'GINZBURG NS', 'SERGEEV AS', 'KOCHAROVSKY VV', 'KOCHAROVSKY VV'];['AKSELROD G M', 'YOUNG E R', 'STONE K W', 'ARIAS DYLAN H', 'STONE KATHERINE W', 'VLAMING SEBASTIAAN M', 'BELYANIN AA', 'BOHNET JUSTIN G', 'CHEN ZILONG', 'WEINER JOSHUA M', 'CASPERSON LW', 'TARROJA MFH', 'CHENKOSOL P', 'CHENKOSOL PITAK', 'CASPERSON LEE W', 'DE VALCARCEL GJ', 'ROLDAN E', 'PRATI F', 'FLORIAN R', 'SCHWAN LO', 'SCHMID D', 'FONT JL', 'VILASECA R', 'GERMANN T D', 'STRITTMATTER A', 'POHL J', 'GINZBURG NAUM S', 'KOCHAROVSKAYA EKATERINA R', 'SERGEEV ALEXANDER S', 'GREENBERG JOEL A', 'GAUTHIER DANIEL J', 'HAAKE F', 'KOLOBOV MI', 'SEEGER C', 'IKEDA K', 'JAHANPANAH J', 'RANDAR A A', 'ESLAMI H R', 'JHO Y D', 'WANG X', 'REITZE D H', 'JHO YD', 'WANG XM', 'KONO J', 'KIM JI-HEE', 'NOE G TIMOTHY II', 'MCGILL STEPHEN A'];Radiophysics and Quantum Electronics;Russia
The aii Structure of the Heat Capacity of an Ideal Gas in the Critical Region of Bose-Einstein Condensation for Various Mesoscopic Traps;['TARASOV SV'];['BLOCH IMMANUEL', 'DALIBARD JEAN', 'ZWERGER WILHELM', 'DEGROOT SR', 'HOOYMAN GJ', 'TENSELDAM CA', 'FRANKE-ARNOLD S', 'LEACH J', 'PADGETT M J', 'GAUNT ALEXANDER L', 'SCHMIDUTZ TOBIAS F', 'GOTLIBOVYCH IGOR', 'GORLITZ A', 'VOGELS JM', 'LEANHARDT AE', 'GUPTA S', 'MURCH KW', 'MOORE KL', 'HENDERSON K', 'RYU C', 'MACCORMICK C', 'HOLTHAUS M', 'KAPALE KT', 'KOCHAROVSKY VV', 'INOUYE S', 'ANDREWS MR', 'STENGER J', 'KOCHAROVSKY V V', 'KOCHAROVSKY VL V', 'TARASOV S V', 'KOCHAROVSKY VITALY V', 'KOCHAROVSKY VLADIMIR V', 'MEYRATH TP', 'SCHRECK F', 'HANSSEN JL', 'NYGAARD N', 'SCHNEIDER BI', 'JULIENNE PS', 'SMITH NL', 'HEATHCOTE WH', 'HECHENBLAIKNER G', 'VOROS A', 'WANG JIANHUI', 'MA YONGLI', 'HE JIZHOU', 'ZIFF RM', 'UHLENBECK GE', 'KAC M'];RADIOPHYSICS AND QUANTUM ELECTRONICS;Russia
Correct Determination of Hysteresis of Nonlinear Current-Voltage Characteristics of Spin Valves, Magnetic Tunnel Junctions, or Memristors;['DEMIDOV ES'];['BERGER L', 'ELSEN M', 'BOULLE O', 'GEORGE JM', '‘≈–“ ¿', 'FERT A', '√–ﬁÕ¡≈–√ œ¿', 'GRUNBERG –¿', 'KATINE JA', 'ALBERT FJ', 'BUHRMAN RA', 'LAPSHIN RV', 'SLONCZEWSKI JC', 'STRUKOV DMITRI B', 'SNIDER GREGORY S', 'STEWART DUNCAN R', 'SUKEGAWA HIROAKI', 'KASAI SHINYA', 'FURUBAYASHI TAKAO', 'YAO XIAOFENG', 'MENG HAO', 'ZHANG YISONG'];RADIOPHYSICS AND QUANTUM ELECTRONICS;Russia
Mode Transformation in a Circular Waveguide With a Transverse Boundary Between a Vacuum and a Partially Dielectric Area;['GRIGOREVA AA', 'TYUKHTIN AV', 'VOROBEV VV', 'ALEKHINA TY', 'ANTIPOV S'];['ALEKHINA TATIANA YU', 'TYUKHTIN ANDREY V', 'ALTMARK AM', 'KANAREYKIN AD', 'SHEINMAN IL', 'ANDONIAN G', 'WILLIAMS O', 'WEI X', 'JING C', 'KANAREYKIN A', 'BOLOTOVSKII BM', 'CONCIAURO G', 'COOK A M', 'TIKHOPLAV R', 'TOCHITSKY S Y', 'GAI W', 'SCHOESSOW P', 'COLE B', 'GALYAMIN S N', 'TYUKHTIN A V', 'POWER J G', 'LI C', 'PAPZINER U', 'ARNDT F', 'POLIEKTOV V V', 'VETROV A A', 'TRUKHANOV K A', 'CONDE M E'];IEEE TRANSACTIONS ON MICROWAVE THEORY AND TECHNIQUES;Russia
Laser-induced synthesis of nanostructured metal-carbon clusters and complexes;['ARAKELIAN S', 'KUTROVSKAYA S', 'KUCHERIK A', 'OSIPOV A', 'POVOLOTCKAIA A', 'POVOLOTSKIY A', 'MANSHINA A'];['ABRAMOV D V', 'ANTIPOV A A', 'ARAKELIAN S M', 'KUTROVSKAYA S V', 'ARAKELYAN S M', 'GARNOV S V', 'VEIKO V P', 'LI JIAN FENG', 'HUANG YI FAN', 'DING YONG', 'MANSHINA A A', 'GRACHOVA E V', 'POVOLOTSKIY A V', 'PAN BITAO', 'XIAO JUN', 'LI JILING', 'POREL S', 'VENKATRAM N', 'RAO D NARAYANA', 'POVOLOTSKIY ALEXEY', 'POVOLOTCKAIA ANASTASIA', 'PETROV YURIY', 'RAVAGNAN L', 'SIVIERO F', 'LENARDI C', 'RAVAGNAN LUCA', 'MANINI NICOLA', 'CINQUANTA EUGENIO', 'SHI LEI', 'SHENG LEIMEI', 'YU LIMING', 'ROHRINGER PHILIP', 'SUENAGA KAZU'];OPTICAL AND QUANTUM ELECTRONICS;Russia
Numerical simulation of solute evolution during laser cladding with nickel superalloy powder injection;['MIRZADE FK', 'KHOMENKO MD', 'NIZIEV VG'];"['CAO Y', 'CHOI J', 'CONDE A', 'ZUBIRI F', 'DE DAMBORENEA J', 'CRESPO D', 'PRADELL T', 'DINDA G P', 'DASGUPTA A K', 'MAZUMDER J', 'FARJAS J', 'ROURA P', 'HE XIULI', 'SONG LIJUN', 'YU GANG', 'MIRZADE F KH', 'NIZIEV V G', 'PANCHENKO V YA', 'NIE PULIN', 'OJO O A', 'LI ZHUGUO', ""NIZ'EV V G"", 'KHOMENKO M D', 'PEI YT', 'DE HOSSON JTM', 'SIMUNOVIC KATICA', 'SARIC TOMISLAV', 'SIMUNOVIC GORAN', 'SKRIPOV VP', 'TAN WENDA', 'SHIN YUNG C', 'WEN SHAOYI', 'BAILEY NEIL', 'TIAN YUAN', 'MCALLISTER DONALD', 'COLIJN HENDRIK']";OPTICAL AND QUANTUM ELECTRONICS;Russia
Picosecond laser fabrication of microchannels inside Foturan glass at CO2 laser irradiation and following etching;['SERGEEV MM', 'VEIKO VP', 'TIGUNTSEVA EY', 'OLEKHNOVICH RO'];['CHENG Y', 'DU D', 'LIU X', 'KORN G', 'EHRT D', 'EVANS ANNA', 'RUPP JENNIFER L M', 'GAUCKLER LUDWIG J', 'FERNANDEZ-PRADAS J M', 'SERRANO D', 'BOSCH S', 'SERRA P', 'MORENZA J L', 'HE FEI', 'LIAO YANG', 'LIN JINTIAN', 'KARIMELAHI SAMIRA', 'ABOLGHASEMI LADAN', 'HERMAN PETER R', 'KIYAMA SATOSHI', 'MATSUO SHIGEKI', 'HASHIMOTO SHUICHI', 'LEWIS MH', 'METCALFJOHANSEN J', 'BELL PS', 'LIVINGSTON F E', 'HELVAJIAN H', 'LIVINGSTON FE', 'ADAMS PM', 'MENEGATTI ELISA', 'BERARDI DANIELA', 'MESSINA MARGHERITA', 'NACHAROV A P', 'NIKONOROV N V', 'SIDOROV A I', 'SUGIOKA K', 'VEIKO V', 'AGEEV E', 'SERGEEV M', 'VEIKO V P', 'YAKOVLEV E B', 'SHAKHNO E A', 'KIEU QK', 'NIKONOROV NV'];OPTICAL AND QUANTUM ELECTRONICS;Russia
Gradient core-shell HTS/polymer covered magnetoactive composites with ultrafine particles fabricated by 3D printing;['SHISHKOVSKY I', 'SCHERBAKOV V', 'KUZNETSOV M'];"['GUREEV DM', 'RUZHECHKO RV', 'SHISHKOVSKY IV', 'GUTIERREZ L', 'COSTO R', 'GRUETTNER C', 'KUZNETSOV M V', 'SHISHKOVSKY I V', 'MOROZOV YU G', 'PARKIN I P', 'KVICK A', 'PETROV MI', 'TETYUEVA TN', 'KVEGLIS LI', 'QIANG YOU', 'ANTONY JIJI', 'SHARMA AMIT', 'RIEGLER JOHANNES', 'LIEW AARON', 'HYNES SEAN O', 'RUSSO TERESA', ""D'AMORA UGO"", 'GLORIA ANTONIO', 'LEBEDEV P N', 'SHISHKOVSKY IGOR', 'SCHERBAKOV VLADIMIR', 'MOROZOV YURI']";OPTICAL AND QUANTUM ELECTRONICS;Russia
Nanoparticles of organic nonlinear optical molecular crystals synthesized by laser ablation in liquid;['ZULINA NA', 'ACHOR SU', 'DENISYUK IY'];['BARCIKOWSKI STEPHAN', 'HUSTEDT MICHAEL', 'CHICHKOV BORIS', 'BURUNKOVA J A', 'DENISYUK I YU', 'FOKINA M I', 'ELABOUDI I', 'LAZARE S', 'BELIN C', 'GANEEV R A', 'ZAKIROV A S', 'BOLTAEV G S', 'KASSAVETIS S', 'KAZIANNIS S', 'PLIATSIKAS N', 'LI B', 'KAWAKAMI T', 'HIRAMATSU M', 'RUIZ BLANCA', 'JAZBINSEK MOJCA', 'GUENTER PETER', 'TAMAKI Y', 'ASAHI T', 'MASUHARA H'];OPTICAL AND QUANTUM ELECTRONICS;Russia
A new approach to compact semiconductor device modelling with Qucs Verilog-A analogue module synthesis;['BRINSON ME', 'KUZNETSOV V'];['BRINSON M E', 'JAHN S'];INTERNATIONAL JOURNAL OF NUMERICAL MODELLING-ELECTRONIC NETWORKS DEVICES AND FIELDS;Russia
Outdoor W-Band Hybrid Photonic Wireless Link Based on an Optical SFP plus Module;['ROMMEL S', 'RODRIGUEZ S', 'CHORCHOS L', 'GRAKHOVA EP', 'SULTANOV AK', 'TURKIEWICZ JP', 'OLMOS JJV', 'MONROY IT'];['HIRATA AKIHIKO', 'TAKAHASHI HIROYUKI', 'YAMAGUCHI RYOICHI', 'ISLAM A H M RAZIBUL', 'BAKAUL MASUDUZZAMAN', 'NIRMALATHAS AMPALAVANAPILLAI', 'KANNO A', 'DAT P T', 'KURI T', 'PFEIFFER THOMAS', 'ROMMEL SIMON', 'CAVALCANTE LUCAS COSTA PEREIRA', 'OLMOS J J VEGAS', 'RODRIGUEZ SEBASTIAN', 'CHORCHOS LUKASZ', 'CAVALCANTE LUCAS C P', 'QUINTERO ALEXANDER G', 'WELLS JONATHAN'];IEEE PHOTONICS TECHNOLOGY LETTERS;Russia
Coercitivity of (PrDy)(CoFe)B Microparticles Ensemble Controlled by Magnetic Dipole Interaction and Dry Friction;['MORGUNOV R', 'TALANTSEV A', 'KUNITSYNA E', 'PISKORSKII V', 'OSPENNIKOVA O', 'KABLOV E'];['ALBRECHT M', 'HU G', 'MOSER A', 'BIESINGER MARK C', 'PAYNE BRAD P', 'GROSVENOR ANDREW P', 'BURZO E', 'TETEAN R', 'SARKOZI Z', 'CAMPBELL SJ', 'LIDDELL PR', 'CLARK PE', 'CHEN W', 'GAO RW', 'ZHU MG', 'DE CAMPOS MARCOS FLAVIO', 'GIRT E', 'KRISHNAN KM', 'THOMAS G', 'GIVORD D', 'LI HS', 'DELABATHIE RP', 'HERBST JF', 'HOINK V', 'MEYNERS D', 'SCHMALHORST J', 'JIN ZQ', 'THADHANI NN', 'MCGILL M', 'JING YING', 'SOHN HWEERIN', 'KLINE TIMOTHY', 'KHVALKOVSKIY A V', 'APALKOV D', 'WATTS S', 'KRISHNAN R', 'DRIOUCH L', 'KAYZEL FE', 'LIU JF', 'CANNON DD', 'WADA K', 'LIU Z W', 'LIU YAN', 'DEHERI P K', 'DAVIES H A', 'LU B', 'HUANG MQ', 'CHEN Q', 'MANGIN S', 'RAVELOSONA D', 'KATINE JA', 'NISHIMURA N', 'HIRAI T', 'KOGANEI A', 'OESTERREICHER H', 'PAWLIK P', 'DAVIES HA', 'POUDYAL NARAYAN', 'LIU J PING', 'RAGHUNATHAN A', 'MELIKHOV Y', 'SNYDER J E'];IEEE TRANSACTIONS ON MAGNETICS;Russia
Toward the Physical-Information Fundamentals of Three-Dimensional Displays;['EZHOV VA'];['BALRAM N', 'TOSIC I', 'DE WIT GC', 'KAJIKI Y', 'YOSHIKAWA H', 'HONDA T', 'LANMAN DOUGLAS', 'HIRSCH MATTHEW', 'KIM YUNHEE', 'LEITH EN', 'UPATNIEKS J', 'LIU SHENG', 'HUA HONG', 'MCALLISTER DF', 'MURILLOMORA LM', 'OKADA K', 'NORDIN GP', 'KULICK JH', 'JONES M'];JOURNAL OF DISPLAY TECHNOLOGY;Russia
Adaptive stabilization of parameter-affine minimum-phase plants under Lipschitz uncertainty;['SOKOLOV VF'];['BONDARKO VA', 'YAKUBOVICH VA', 'HUANG CHAODONG', 'GUO LEI', 'KHAMMASH M', 'PEARSON JB', 'LI CHANYING', 'XIE LL', 'GUO L', 'YAKUBOVIVA'];AUTOMATICA;Russia
Amplitude and Phase Noise of Frequency Combs Generated by Single-Section InAs/InP Quantum-Dash-Based Passively and Actively Mode-Locked Lasers;['PANAPAKKAM V', 'ANTHUR AP', 'VUJICIC V', 'ZHOU R', 'GAIMARD Q', 'MERGHEM K', 'AUBIN G', 'LELARGE F', 'VIKTOROV EA', 'BARRY LP', 'RAMDANE A'];"['ABLOWITZ MARK J', 'ILAN BOAZ', 'CUNDIFF STEVEN T', 'ADACHI K', 'SHINODA K', 'KITATANI T', 'AKROUT A', 'SHEN A', 'ENARD A', 'ANTHUR ARAVIND P', 'PANAPAKKAM VIVEK', 'VUJICIC VIDAK', ""BEN M'SALLEM YOUSRA"", 'QUANG TRUNG LE', 'BRAMERIE LAURENT', 'CAMATEL STEFANO', 'FERRERO VALTER', 'CHEN YK', 'WU MC', 'TANBUNEK T', 'DELFYETT PETER J', 'GEE SANGYOUN', 'CHOI MYOUNG-TAEK', 'DOANY FUAD E', 'SCHOW CLINT L', 'LEE BENJAMIN G', 'DUAN GUANG-HUA', 'SHEN ALEXANDRE', 'AKROUT AKRAM', 'ELIYAHU D', 'SALVATORE RA', 'YARIV A', 'FAUGERON MICKAEL', 'LELARGE FRANCOIS', 'TRAN MICHAEL', 'FUKUDA M', 'HIRONO T', 'KUROSAKI T', 'GRAY GR', 'AGRAWAL GP', 'HABRUSEVA T', ""O'DONOGHUE S"", 'REBROVA N', 'HILLERKUSS DAVID', 'SCHMOGROW RENE', 'MEYER MATTHIAS', 'HONG LIU', 'LAM CF', 'JOHNSON C', 'HUYNH TAM N', 'LIM NGUYEN', 'BARRY LIAM P', 'NGUYEN AN T', 'NG WING-CHAU', 'KACHRIS CHRISTOFOROS', 'TOMKOS IOANNIS', 'KIKUCHI KAZURO', 'KIPPENBERG T J', 'HOLZWARTH R', 'DIDDAMS S A', 'KWON OH KEE', 'HAN YOUNG-TAK', 'LEEM YOUNG AHN', 'LEE W', 'CHOI M -T', 'IZADPANAH H', 'DAGENS BEATRICE', 'RENAUDIER JEREMIE', 'MARTIN EAMONN', 'WATTS REGAN']";IEEE JOURNAL OF QUANTUM ELECTRONICS;Russia
Millimeter Waveband Dielectric Properties of Nanocomposite Materials Based on Opal Matrices with Particles of Spinels;['RINKEVICH AB', 'PEROV DV', 'PAKHOMOV YA', 'SAMOYLOVICH MI', 'KUZNETSOV EA'];['JAYASUNDERE N', 'SMITH BV', 'KAMBALE R C', 'ADHATE N R', 'CHOUGULE B K', 'MUFTI N', 'NUGROHO A A', 'BLAKE G R', 'OKAMURA T', 'FUJIMURA T', 'DATE M', 'PARDAVI-HORVATH M', 'RAO Y', 'QU JM', 'MARINIS T', 'RINKEVICH A B', 'ROMASHEV L N', 'USTINOV V V', 'BURKHANOV A M', 'PEROV D V', 'SAMOILOVICH M I', 'RINKEVICH ANATOLY B', 'SAMOILOVICH MIKHAIL I', 'KLESCHEVA SVETLANA M', 'KUZNETSOV EVGENY A', 'PEROV DMITRY V', 'SASIKALA T S', 'SEBASTIAN M T', 'TSIACHRISTOS I', 'VAROUTI E', 'MANIOS E', 'WAKINO K', 'OKADA T', 'YOSHIDA N'];JOURNAL OF INFRARED MILLIMETER AND TERAHERTZ WAVES;Russia
Reflectivity of Metals in the Millimeter Wavelength Range at Cryogenic Temperatures;['SEROV EA', 'PARSHIN VV', 'BUBNOV GM'];"['BARDEEN J', 'DINGLE RB', 'GINZBURG VL', 'MOTULEVICH GP', 'INAGAKI S', 'EZURA E', 'LIU JF', 'KRUPNOV AF', 'TRETYAKOV MY', 'KUTOVOY V A', 'YEGOROV A M', 'LESLIE RV', 'STAELIN DH', 'MCKENNA TIMOTHY P', 'NANZER JEFFREY A', 'CLARK THOMAS R JR', 'PARSHIN V V', 'SEROV E A', 'BUBNOV G M', 'PARSHIN VLADIMIR V', 'TRETYAKOV MIKHAIL YU', 'KOSHELEV MAXIM A', 'REUTER GEH', 'SONDHEIMER EH', 'TRETYAKOV M YU', 'KRUPNOV A F', 'KOSHELEV M A', ""VAN'T KLOOSTER K"", 'MYASNIKOVA SE']";IEEE TRANSACTIONS ON MICROWAVE THEORY AND TECHNIQUES;Russia
Group Component Analysis for Multiblock Data: Common and Individual Feature Extraction;['ZHOU GX', 'CICHOCKI A', 'ZHANG Y', 'MANDIC DP'];['ADALI TUELAY', 'ANDERSON MATTHEW', 'FU GENG-SHEN', 'ANDO RK', 'ZHANG T', 'BELOUCHRANI A', 'ABEDMERAIM K', 'CARDOSO JF', 'BLANKERTZ BENJAMIN', 'LEMM STEVEN', 'TREDER MATTHIAS', 'BUNTE KERSTIN', 'BIEHL MICHAEL', 'HAMMER BARBARA', 'CAI DENG', 'HE XIAOFEI', 'HAN JIAWEI', 'CANDES EMMANUEL J', 'LI XIAODONG', 'MA YI', 'CHANG CHIH-CHUNG', 'LIN CHIH-JEN', 'CRAINICEANU CIPRIAN M', 'CAFFO BRIAN S', 'LUO SHENG', 'DE LA TORRE FERNANDO', 'DE ROOVER KIM', 'TIMMERMAN MARIEKE E', 'MESQUITA BATJA', 'DU YUHUI', 'FAN YONG', 'GEORGHIADES AS', 'BELHUMEUR PN', 'KRIEGMAN DJ', 'GUO YING', 'PAGNONI GIUSEPPE', 'HE ZHAOSHUI', 'CICHOCKI ANDRZEJ', 'XIE SHENGLI', 'HOTELLING H', 'JIANG XUDONG', 'MANDAL BAPPADITYA', 'KOT ALEX', 'KETTENRING JR', 'LEIBE B', 'SCHIELE B', 'LI YI-OU', 'WANG WEI', 'LIU WEI', 'MANDIC DANILO P', 'LOCK ERIC F', 'HOADLEY KATHERINE A', 'MARRON J S', 'LOSTEDT TOMMY', 'HOFFMAN DANIEL', 'TRYGG JOHAN', 'MA SAI', 'PHLYPO RONALD', 'CALHOUN VINCE D', 'NIE FEIPING', 'DING CHRIS', 'LUO DIJUN'];IEEE TRANSACTIONS ON NEURAL NETWORKS AND LEARNING SYSTEMS;Russia
Comparison of Impedance-Source Networks for Two and Multilevel Buck-Boost Inverter Applications;['HUSEV O', 'BLAABJERG F', 'RONCERO-CLEMENTE C', 'ROMERO-CADAVAL E', 'VINNIKOV D', 'SIWAKOTI YP', 'STRZELECKI R'];['ADAMOWICZ MAREK', 'GUZINSKI JAROSLAW', 'VINNIKOV DMITRI', 'STRZELECKI RYSZARD', 'PENG FANG ZHENG', 'AKAGI HIROFUMI', 'KONDO RYOTA', 'ANDERSON JOEL', 'PENG F Z', 'BANAEI M R', 'DEHGHANZADEH A R', 'SALARY E', 'BATTISTON ALEXANDRE', 'MARTIN JEAN-PHILIPPE', 'MILIANI EL-HADJ', 'BIELA JUERGEN', 'KOLAR JOHANN W', 'CHUB ANDRII', 'BLAABJERG FREDE', 'DING LI', 'FENG GAO', 'POH CHIANG LOH', 'EFFAH FRANCIS BOAFO', 'WHEELER PATRICK', 'CLARE JON', 'FRANKE W -TOKE', 'MOHR MALTE', 'FUCHS FRIEDRICH W', 'FRANQUELO LEOPOLDO G', 'RODRIGUEZ JOSE', 'LEON JOSE I', 'GAO F', 'TEODORESCU R', 'LOH P C', 'LOH PC', 'VILATHGAMUWA DM', 'GAO FENG', 'LOH POH CHIANG', 'TEODORESCU REMUS', 'HUSEV OLEKSANDR', 'STEPENKO SERHII', 'RONCERO-CLEMENTE CARLOS', 'ROMERO-CADAVAL ENRIQUE', 'LIIVIK LIISA', 'ISABEL MILANES-MONTERO MARA', 'BARRERO-GONZALEZ FERMIN', 'KHLEBNIKOV ALEKSEY S', 'KHARITONOV SERGEY A'];IEEE TRANSACTIONS ON POWER ELECTRONICS;Russia
Novel Family of Single-Phase Modified Impedance-Source Buck-Boost Multilevel Inverters With Reduced Switch Count;['HUSEV O', 'STRZELECKI R', 'BLAABJERG F', 'CHOPYK V', 'VINNIKOV D'];['ADAMOWICZ MAREK', 'STRZELECKI RYSZARD', 'PENG FANG ZHENG', 'ANDERSON JOEL', 'PENG F Z', 'BANAEI M R', 'DEHGHANZADEH A R', 'SALARY E', 'DING LI', 'FENG GAO', 'POH CHIANG LOH', 'FRANQUELO LEOPOLDO G', 'RODRIGUEZ JOSE', 'LEON JOSE I', 'GAO F', 'LOH P C', 'GAO FENG', 'LOH POH CHIANG', 'BLAABJERG FREDE', 'HUSEV OLEKSANDR', 'RONCERO-CLEMENTE CARLOS', 'ROMERO-CADAVAL ENRIQUE', 'KHLEBNIKOV ALEKSEY S', 'KHARITONOV SERGEY A', 'KOURO SAMIR', 'MALINOWSKI MARIUSZ', 'GOPAKUMAR K', 'LIU YUSHAN', 'ABU-RUB HAITHAM', 'GE BAOMING', 'LI DING', 'TAN PEE-CHIN', 'LIM SOK WEI', 'MO WEI', 'ZHANG JIAN-TING', 'PENG FZ', 'JOSEPH A', 'WANG J', 'ZHANG F', 'QIAN ZM', 'PRIYAA AS', 'SEYEZHAI R', 'MATHUR BL', 'QIAN WEI', 'CHA HONNYONG', 'RODRIGUEZ J', 'LAI JS', 'BERNET STEFFEN', 'WU BIN', 'RONCERO-CIEMENTE C', 'STEPENKO S'];IEEE TRANSACTIONS ON POWER ELECTRONICS;Russia
Free-Space Permittivity Measurement at Terahertz Frequencies With a Vector Network Analyzer;['HAMMLER J', 'GALLANT AJ', 'BALOCCO C'];['BRONAUGH EL', 'OSBURN JDM', 'GHODGAONKAR DK', 'VARADAN VV', 'VARADAN VK', 'GILL PE', 'MURRAY W', 'SAUNDERS MA', 'HAN SP', 'ISAAC T H', 'BARNES W L', 'HENDRY E', 'KAZEMIPOUR A', 'HUDLICKA M', 'KLEINE-OSTMANN T', 'NAFTALY MIRA', 'NEMEC H', 'KADLEC F', 'KUZEL P', 'POWELL MJD', 'RIDLER NM', 'SALTER MJ', 'THEUER MICHAEL', 'MELINGER JOSEPH S', 'TOSAKA TOSHIHIDE', 'FUJII KATSUMI', 'FUKUNAGA KAORI', 'UGRAY ZSOLT', 'LASDON LEON', 'PLUMMER JOHN'];IEEE TRANSACTIONS ON TERAHERTZ SCIENCE AND TECHNOLOGY;Russia
Conductivity of Carbon Nanotube Layers at Low-Terahertz Frequencies;['NEFEDOVA II', 'LIOUBTCHENKO DV', 'NEFEDOV IS', 'RAISANEN AV'];['ANOSHKIN ILYA V', 'NASIBULIN ALBERT G', 'TIAN YING', 'BORONDICS F', 'KAMARAS K', 'NIKOLOU M', 'BRUN CHRISTOPHE', 'WEI TAN CHONG', 'FRANCK PIERRE', 'GENERALOV A A', 'LIOUBTCHENKO D V', 'RAISANEN A V', 'ANOSHKIN I V', 'ERDMANIS M', 'GENERALOV ANDREY A', 'HAIMAKAINEN JOHANNES A', 'LIOUBTCHENKO DMITRI V', 'MALLAT JUHA A', 'HANSON GW', 'LAKHTAKIA A', 'MODINE FA', 'JELLISON GE', 'GRUZALSKI GR', 'KASKELA ANTTI', 'MUSTONEN KIMMO', 'NEFEDOVA I I', 'LIOBTCHENKO D V', 'PARSHIN V V', 'NEFEDOVA IRINA I', 'LIOUBTCHENKO DMITRY V', 'NEFEDOV IGOR S', 'NICOLSON AM', 'ROSS GF', 'POLLEY DEBANJAN', 'BARMAN ANJAN', 'MITRA RAJIB KUMAR', 'POUSI J PATRIK', 'DUDOROV SERGEY N', 'REN LEI', 'PINT CARY L', 'BOOSHENRI LAYLA G', 'SHUBA MIKHAIL V', 'PADDUBSKAYA ALESIA G', 'KUZHIR POLINA P', 'SLEPYAN GREGORY YA', 'MAKSIMENKO SERGEY A', 'SIBINSKI MACIEJ', 'JAKUBOWSKA MALGORZATA', 'ZNAJDEK KATARZYNA', 'SLEPYAN G YA', 'SHUBA M V', 'MAKSIMENKO S A', 'SLEPYAN GY', 'MAKSIMENKO SA', 'SONG HO-JIN', 'NAGATSUMA TADAO', 'VLASOV S N', 'SEROV E A', 'WATERMAN PC', 'TRUELL R'];IEEE TRANSACTIONS ON TERAHERTZ SCIENCE AND TECHNOLOGY;Russia
Prediction of surface topography due to finite pixel spacing in FIB milling of rectangular boxes and trenches;['BORGARDT NI', 'RUMYANTSEV AV'];['ADAMS DP', 'VASILE MJ', 'AGEEV O A', 'ALEKSEEV A M', 'VNUKOVA A V', 'ALI MY', 'HUNG NP', 'BORGARDT N I', 'VOLKOV R L', 'RUMYANTSEV A V', 'CHEN BO', 'LU KATHY', 'GELDMEIER JEFFREY ALLEN', 'DIAO KAIDI', 'ZHANG JICHENG', 'ZHOU MINJIE', 'DUAN CHUANHUA', 'WANG WEI', 'XIE QUAN', 'ERTL OTMAR', 'FILIPOVIC LADO', 'SELBERHERR SIEGFRIED', 'FREY L', 'LEHRER C', 'RYSSEL H', 'FU YQ', 'BRYAN NKA', 'ZHOU W', 'GIERAK JACQUES', 'HAN JIN', 'LEE HIWON', 'MIN BYUNG-KWON', 'HOPMAN WICO C L', 'AY FERIDUN', 'HU WENBIN', 'JEON JANGBAE', 'FLORESCA HERMAN CARLO', 'KIM M J', 'KARMOUS A', 'CUENAT A', 'RONDA A', 'KIM HEUNG-BAE', 'HOBLER GERHARD', 'LUGSTEIN ALOIS', 'STEIGER ANDREAS', 'KIM YK', 'DANNER AJ', 'RAFTERY JJ', 'KUNDER D', 'BAER E', 'SEKOWSKI M', 'LI HW', 'KANG DJ', 'BLAMIRE MG', 'LINDQUIST NATHAN C', 'NAGPAL PRASHANT', 'MCPEAK KEVIN M', 'LUGSTEIN A', 'BASNAR B', 'HOBLER G', 'MENARD LAURENT D', 'RAMSEY J MICHAEL', 'OCOLA LEONIDAS E', 'RUE CHAD', 'MAAS DIEDERIK', 'REYNTJENS S', 'PUERS R', 'ROMMEL M', 'BAUER A J', 'SENIUTINAS GEDIMINAS', 'GERVINSKAS GEDIMINAS', 'ANGUITA JOSE', 'STEVIE FA', 'SHANE TC', 'KAHORA PM'];JOURNAL OF VACUUM SCIENCE & TECHNOLOGY B;Russia
Multiple propagating modes of nanowire plasmonics;['LEE HI', 'MOK J', 'KUZMIN DA', 'BYCHKOV IV'];['CHANG D E', 'SORENSEN A S', 'HEMMER P R', 'CHEN JUNXUE', 'WANG XIAOLEI', 'CHO CHANG-HEE', 'ASPETTI CARLOS O', 'TURK MICHAEL E', 'ETCHEGOIN P G', 'LE RU E C', 'MEYER M', 'FAN TY', 'GAO YIXIAO', 'REN GUOBIN', 'ZHU BOFENG', 'GOODFELLOW KENNETH M', 'BEAMS RYAN', 'CHAKRABORTY CHITRALEEMA', 'HUANG Y J', 'LU W T', 'SRIDHAR S', 'KE SHAOLIN', 'WANG BING', 'QIN CHENGZHI', 'KUZMIN DMITRY A', 'BYCHKOV IGOR V', 'SHAVROV VLADIMIR G', 'LIAW JIUNN-WOEI', 'WU PO-TSANG', 'LIU WEIWEI', 'NOVOTNY L', 'HAFNER C', 'HUANG HE', 'SCHROTER U', 'DEREUX A', 'TAKAHARA J', 'YAMAGISHI S', 'TAKI H', 'WANG KL', 'MITTLEMAN DM'];OPTICAL AND QUANTUM ELECTRONICS;Russia
Sensory properties of copper microstructures deposited from water-based solution upon laser irradiation at 532 nm;['PANOV MS', 'TUMKIN II', 'MIRONOV VS', 'KHAIRULLINA EM', 'SMIKHOVSKAIA AV', 'ERMAKOV SS', 'KOCHEMIROVSKY VA'];"['ABAD JOSE M', 'GASS MHAIRI', 'BLELOCH ANDREW', 'BARTON SC', 'GALLAWAY J', 'ATANASSOV P', 'BLAEDEL WJ', 'ENGSTROM RC', 'CLARK LC', 'DAVIS FRANK', 'HIGSON SEAMUS P J', 'JARABA P', 'AGUI L', 'YANEZ-SEDENO P', 'KIM DONGSOO', 'CHOI CHOLJIN', 'KOCHEMIROVSKY V A', 'KHAIRULLINA E M', 'SAFONOV S V', 'LOGUNOV L S', 'FATEEV S A', 'SKRIPKIN M YU', 'TVERYANOVICH YU S', 'KORDAS K', 'BEKESI J', 'VAJTAI R', 'LIU WEI', 'ZHANG HONGXIU', 'YANG BIN', 'LOZHKINA OLGA A', 'PANOV MAXIM S', 'LOGUNOV LEV S', 'MACDONALD JR', 'MIYAMOTO S', 'MURAKAMI T', 'SAITO A', 'PANOV M S', 'TUMKIN I I', 'SMIKHOVSKAIA A V', 'PENG XIAO', 'JIANG KAIYONG', 'SHAFEEV GA', 'SONG HK', 'JUNG YH', 'LEE KH', 'TUMKIN ILYA I', 'KOCHEMIROVSKY VLADIMIR A', ""BAL'VMAKOV MIKHAIL D"", ""TVER'YANOVICH YURY S"", ""KUZ'MIN ALEXEY G"", 'MENCHIKOV LEONID G', 'UPDIKE SJ', 'HICKS GP', 'YOKOYAMA H', 'KISHIDA S', 'WASHIO K']";OPTICAL AND QUANTUM ELECTRONICS;Russia
Implementation of noise-immune Rogowski coils for busbar differential protection modernization;['SOLOVEV DB', 'KUZORA SS'];['CORSI S', 'CROSSLEY PA', 'LI HY', 'PARKER AD', 'DAMBHARE SANJAY', 'SOMAN S A', 'CHANDORKAR M C', 'DING Y H', 'ZHUANG G', 'ZHANG X Q', 'DJOKIC BRANISLAV', 'DJOKIC BRANISLAV V', 'RAMBOZ JOHN D', 'DESTEFAN DENNIS E', 'FLETCHER STEVEN D A', 'NORMAN PATRICK J', 'FONG KENNY', 'HARDER EL', 'KLEMMER EH', 'SONNEMANN WK', 'KOJOVIC L', 'KOJOVIC LJUBOMIR A', 'BISHOP MARTIN T', 'SHARMA DHARAM', 'MA JING', 'WANG XI', 'ZHANG YAGANG', 'METWALLY IBRAHIM A', 'NEGREIROS ALENCAR RAIDSON JENNER', 'BEZERRA UBIRATAN HOLANDA', 'DAMASCENO FERREIRA ANDRE MAURICIO', 'RAMBOZ JD', 'RASOULPOOR M', 'BANEJAD M', 'SAMIMI MOHAMMAD HAMED', 'MAHARI ARASH', 'FARAHNAKIAN MOHAMMAD ALI', 'SHAFIQ MUHAMMAD', 'HUSSAIN G AMJAD', 'KUTT LAURI'];ELECTRIC POWER SYSTEMS RESEARCH;Russia
Literary writing style recognition via a minimal spanning tree-based approach;['SHALYMOV D', 'GRANICHIN O', 'KLEBANOV L', 'VOLKOVICH Z'];['ABBASI A', 'CHEN HC', 'ASLAN B', 'ZECH G', 'BARINGHAUS L', 'FRANZ C', 'BURROWS J', 'COLLINS J', 'KAUFER D', 'VLACHOS P', 'CONOVER WJ', 'JOHNSON ME', 'JOHNSON MM', 'COYOTL-MORALES ROSA MARIA', 'VILLASENOR-PINEDA LUIS', 'MONTES-Y-GOMEZ MANUEL', 'DIEDERICH J', 'KINDERMANN O', 'LEOPOLD E', 'DURAN BS', 'FRANTZESKOU G', 'STAMATATOS E', 'GRITZALIS S', 'FRIEDMAN JH', 'RAFSKY LC', 'GRCAR MIHA', 'TRDIN NEJC', 'LAVRAC NADA', 'HALL P', 'TAJVIDI N', 'HENZE N', 'HOLMES DI', 'HOOVER DL', 'HUGHES JAMES M', 'FOTI NICHOLAS J', 'KRAKAUER DAVID C', 'JOCKERS MATTHEW L', 'WITTEN DANIELA M', 'KESTEMONT MIKE', 'LUYCKX KIM', 'DAELEMANS WALTER'];EXPERT SYSTEMS WITH APPLICATIONS;Russia
Quadrature Mode of Photogalvanic Autocorrelation of Ultra-Short Laser Pulses;['ROMASHKO RV', 'GRACHEV AI', 'KULCHIN YN', 'KAMSHILIN AA'];['COTE D', 'LAMAN N', 'VAN DRIEL HM', 'DIELS JCM', 'FONTAINE JJ', 'MCMICHAEL IC', 'GRACHEV A I', 'ROMASHKO R V', 'KULCHIN YU N', 'HIRAYAMA T', 'SHEIK-BAHAE M', 'IACONIS C', 'WALMSLEY IA', 'JAIN RK', 'BROWN JE', 'ROBINSON WP', 'KAMSHILIN A A', 'GOLIK S S', 'NASTOS F', 'SIPE J E', 'ROMASHKO ROMAN V', 'GRACHEV ALEXANDER I', 'KULCHIN YURI N'];IEEE PHOTONICS TECHNOLOGY LETTERS;Russia
Multi-frequency precision radar altimetry from space for estimation of sea surface state;['KA MH', 'BASKAKOV AI', 'JEON SY', 'PAEK I', 'JANG J'];['BERGER T', 'KA MIN-HO', 'BASKAKOV ALEKSANDR I', 'TEREKHOV VLADIMIR A', 'BASKAKOV A I', 'LIPA BJ', 'BARRICK DE', 'SUN Y', 'HODGART S', 'SWEETING MN'];ELECTRONICS LETTERS;Russia
A novel security-centric framework for D2D connectivity based on spatial and social proximity;['OMETOV A', 'ORSINO A', 'MILITANO L', 'ARANITI G', 'MOLTCHANOV D', 'ANDREEV S'];['AL-KANJ LINA', 'DAWY ZAHER', 'SAAD WALID', 'ANDREEV SERGEY', 'KOUCHERYAVY YEVGENI', 'HIMAYAT NAGEEN', 'GONCHUKOV PAVEL', 'APT KRZYSZTOF R', 'WITZEL ANDREAS', 'BALDINI GIANMARCO', 'KARANASIOS STAN', 'ALLEN DAVID', 'BILLINGHURST M', 'STARNER T', 'BROCKMANN D', 'HUFNAGEL L', 'GEISEL T', 'FITZEK FRANK H P', 'KATZ MARCOS', 'ZHANG QI', 'FLETCHER RICHARD RIBON', 'DOBSON KELLY', 'GOODWIN MATTHEW S', 'FODOR GABOR', 'PARKVALL STEFAN', 'SORRENTINO STEFANO', 'DAHLMAN ERIK', 'MILDH GUNNAR', 'GONZALEZ MARTA C', 'HIDALGO CESAR A', 'BARABASI ALBERT-LASZLO', 'JOHNSTONE MICHAEL N', 'THOMPSON ROBERT', 'MILITANO LEONARDO', 'ORSINO ANTONINO', 'ARANITI GIUSEPPE', 'CONDOLUCI MASSIMO', 'KOUCHERYAVY Y', 'HARJU J', 'PEDERSEN PE', 'METHLIE LB', 'THORBJORNSEN H', 'PYATTAEV ALEXANDER', 'JOHNSSON KERSTIN', 'SANDHOLM T', 'LARSON K', 'ANDERSSON M', 'SANKARAN C B'];COMPUTER NETWORKS;Russia
Accuracy Limits in Multi-GNSS;['LOHAN ES', 'BORRE K'];['BETZ JW', 'KOLODZIEJSKI KR', 'BHUIYAN MOHAMMAD ZAHIDUL H', 'LOHAN ELENA SIMONA', 'RENFORS ANDMARKKU', 'BORRE KAI', 'AKOS DENNIS M', 'BERTELSEN NICOLAJ', 'CAI CHANGSHENG', 'GAO YANG', 'PAN LIN', 'DUC MINH TRUONG', 'TUNG HAI TA', 'HURSKAINEN HEIKKI', 'RAASAKKA JUSSI', 'AHONEN TAPANI', 'KONG SEUNG-HYUN', 'LIU WEI', 'LI SHEJUN', 'LIU LI', 'LOHAN E S', 'LAKHZOURI A', 'RENFORS M'];IEEE TRANSACTIONS ON AEROSPACE AND ELECTRONIC SYSTEMS;Russia
RETRIEVAL OF THE IONOSPHERIC DISTURBANCE DYNAMICS BASED ON QUASI-VERTICAL AND VERTICAL IONOSPHERIC SOUNDING;['MIKHAILOV SY', 'GROZOV VP', 'CHISTYAKOVA LV'];['AFRAIMOVICH EL', 'MATYUSHONOK SM', 'MIKHAILOV S YA', 'GROZOV V P', 'MIKHAILOV SYA'];Radiophysics and Quantum Electronics;Russia
VARIABILITY OF THE TROPOSPHERIC-DELAY TEMPORAL STRUCTURE FUNCTION OF RADIO SIGNALS FROM THE GLOBAL NAVIGATION SATELLITE SYSTEMS VERSUS TROPOSPHERIC SURFACE LAYER PARAMETERS;['KHUTOROV VE', 'TEPTIN GM', 'ZHURAVLEV AA', 'KHUTOROVA OG'];['BASTIN S', 'CHAMPOLLION D', 'BOCK O', 'BEVIS M', 'BUSINGER S', 'HERRING TA', 'BONIFACE K', 'DUCROCQ V', 'JAUBERT G', 'FLORES A', 'RUFFINI G', 'RIUS A', 'DE ARELLANO JVG', 'GRADINARSKY LP', 'GLOWACKI TOMASZ J', 'PENNA NIGEL T', 'BOURKE WILLIAM P', 'JAKOBSON ERKO', 'OHVRIL HANNO', 'ELGERED GUNNAR', 'JIN SHUANGGEN', 'LI Z', 'CHO J', 'KALINNIKOV V V', 'KHUTOROVA O G', 'TEPTIN G M', 'KHUTOROV V E', 'ZHURAVLEV A A', '’”“Œ–Œ¬¿ ŒÀ‹√¿ √≈–Ã¿ÕŒ¬Õ¿', '“≈œ“»Õ √≈–Ã¿Õ Ã»’¿…ÀŒ¬»◊', '’”“Œ–Œ¬ ¬À¿ƒ»—À¿¬ ≈¬√≈Õ‹≈¬»◊', 'VASSILYEV A A', 'LI GUOPING', 'HUANG DINGFA', 'LIU BIQUAN', 'MORLAND J', 'COEN M COLLAUD', 'HOCKE K', 'NING T', 'HAAS R', 'ELGERED G', 'NIZAMEEV A R', 'PACIONE R', 'FIONDA E', 'FERRARA R', 'SAPUCCI LUIZ F', 'MACHADO LUIZ A T', 'MONICO JOAO F G', 'ZININ D P'];RADIOPHYSICS AND QUANTUM ELECTRONICS;Russia
FREQUENCY DOMAIN CRITERION OF APPEARANCE OF AN ELECTROMAGNETIC SURFACE WAVE ABOVE THE LAMINAR ICE-SALT WATER STRUCTURE;['BASHKUYEV YB', 'ANGARKHAEVA LK', 'NAGUSLAYEVA IB', 'KHAPTANOV VB', 'DEMBELOV MG', 'BUYANOVA DG'];['BASHKUEV YU B', 'KHAPTANOV V B', 'DEMBELOV M G'];Radiophysics and Quantum Electronics;Russia
EXPERIMENTAL STUDY OF THE POSSIBILITY TO GENERATE RADIATION AT A FREQUENCY OF UP TO 400 GHz IN AN OROTRON WITH A DOUBLE-ROW PERIODIC STRUCTURE;['MYASIN EA', 'EVDOKIMOV VV', 'ILYIN AY'];"['BALAKLITSKII IM', 'SKRYNNIK BK', 'TRETYAKOV OA', 'BELYAVSKY BA', 'TSEITLIN MB', 'BRATMAN VL', 'GINTSBURG VA', 'GRISHIN YUA', 'GRISHIN YA', 'FUCHS MR', 'SCHNEGG A', 'MYASIN E A', 'EVDOKIMOV V V', ""IL'IN A YU"", ""IL'IN AY"", 'PAPADAKIS S J', 'HOFFMANN J A', 'MONICA A H', 'PRICE EJ', 'WALSH JE', 'KIMMITT MF', 'RUSIN FS', 'BOGOMOLOGD', 'SHESTOPALOV VP']";Radiophysics and Quantum Electronics;Russia
A NEW PRINCIPLE FOR CONSTRUCTION OF MICROWAVE MULTIRECEIVER RADIOMETERS USING A MODIFIED METHOD OF ZERO MEASUREMENT;['FILATOV AV'];"['ARMAND NA', 'VORONKOV VN', 'NIKITSKII VP', 'BORDONSKII GS', 'BROWN SHANNON T', 'DESAI SHAILEN', 'LU WENWEN', 'ESEPKINA NA', 'FILATOV A V', 'VINOKUROV V M', 'MISYUNAS A O', 'FINKEL M I', 'MASLENNIKOV S N', ""GOL'TSMAN G N"", 'HERSMAN MS', 'POE GA', 'ROZANOV S B', 'ZAVGORODNIY A S', 'LOGVINENKO S V', '—Ã»–ÕŒ¬ Ã“', '≈–Ã¿ Œ¬ ƒÃ', 'SMIRNOV MT', 'ERMAKOV DM', '’¿Àƒ»Õ ¿¿', 'KHALDIN AA', 'VORSIN NN', 'MILITSKII YUA', 'SHAINSKII VM']";Radiophysics and Quantum Electronics;Russia
A NEW METHOD FOR FINDING OPTICAL ABERRATIONS ON THE BASIS OF ANALYSIS OF THE OBJECT HOLOGRAM WITHOUT ADDITIONAL MEASUREMENTS;['MATKIVSKY VA', 'MOISEEV AA', 'SHILYAGIN PA', 'SHABANOV DV', 'GELIKONOV GV', 'GELIKONOV VM'];['COLOMB T', 'CUCHE E', 'CHARRIERE F', 'KUHN JK', 'COLOMB TRISTAN', 'MONTFORT FREDERIC', 'KUEHN JONAS', 'DE NICOLA S', 'FERRARO P', 'FINIZIO A', 'PIERATTINI G', 'DI JIANGLEI', 'ZHAO JIANLIN', 'SUN WEIWEI', 'ALFERI D', 'GHIGLIA DC', 'ROMERO LA', 'GRILLI S', 'KIM MYUNG K', 'LIU CHANGGENG', 'YU XIAO', 'LIU SHUO', 'XIAO WEN', 'PAN FENG', 'MICCIO L', 'ALFIERI D', 'MOISEEV ALEXANDER A', 'GELIKONOV GRIGORY V', 'SHILYAGIN PAVEL A', 'STADELMAIER A', 'MASSIG JH', 'WARNER DW', 'FITZGERRELL A', 'ZHANG T', 'YAMAGUCHI I', 'ZHANG YI-ZHUO', 'WANG DA-YONG', 'WANG YUN-XIN', 'ZUO CHAO', 'CHEN QIAN', 'QU WEIJUAN'];RADIOPHYSICS AND QUANTUM ELECTRONICS;Russia
ESTIMATION OF POTENTIAL INTERFERENCE IMMUNITY OF RADIO RECEPTION WITH SPATIAL SIGNAL PROCESSING IN MUTIPATH RADIO-COMMUNICATION CHANNELS. PART II. METER AND DECIMETER RANGES;['LVOV AV', 'METELEV SL'];['METELEV S A', 'LVOV A V'];Radiophysics and Quantum Electronics;Russia
QUALITY OF THE DISCRETE-MESSAGE TRANSMISSION OVER THE COMMUNICATION CHANNEL WITH INTERFERENCE;['LITVIN MV'];['SKLAR B'];Radiophysics and Quantum Electronics;Russia
TOWARD TRUSTWORTHY CROWDSOURCING IN THE SOCIAL INTERNET OF THINGS;['WANG K', 'QI X', 'SHU L', 'DENG DJ', 'RODRIGUES JJPC'];['ALAM KAZI MASUDUL', 'SAINI MUKESH', 'EL SADDIK ABDULMOTALEB', 'ATZORI LUIGI', 'IERA ANTONIO', 'MORABITO GIACOMO', 'HAN GUANGJIE', 'SHEN WEN', 'DUONG TRUNG Q', 'HE DAOJING', 'CHAN SAMMY', 'GUIZANI MOHSEN', 'KANTARCI BURAK', 'MOUFTAH HUSSEIN T', 'MA HUADONG', 'ZHAO DONG', 'YUAN PEIYAN', 'SHENG XIANG', 'TANG JIAN', 'ZHANG WEIYI', 'SHENG ZHENGGUO', 'YANG SHUSEN', 'YU YIFAN', 'SPYROPOULOS THRASYVOULOS', 'PSOUNIS KONSTANTINOS', 'RAGHAVENDRA CAULIGI S', 'WU M', 'WANG KUN', 'GUO HUANG', 'WU XIAOXIN', 'YAU DAVID K Y', 'YANG KAN', 'ZHANG KUAN', 'REN JU', 'ZHOU HUAN', 'CHEN JIMING', 'FAN JIALU'];IEEE WIRELESS COMMUNICATIONS;Russia
Fitness Applications for Home-Based Training;['KHAGHANI-FAR I', 'NIKITINA S', 'BAEZ M', 'TARAN EA', 'CASATI F'];['AALBERS T', 'BAARS M A E', 'RIKKERT M G M OLDE', 'BROX E', 'LUQUE LF', 'EVERTSEN GJ', 'CHASE JO-ANA D', 'CHI-WAI RK', 'SO-NING TM', 'WING-KUEN KL', 'FAUSSET CARA BAILEY', 'MITZNER TRACY L', 'PRICE CHANDLER E', 'FJELDSOE BRIANNA S', 'MILLER YVETTE D', 'MARSHALL ALISON L', 'MUELLER ANDRE MATTHIAS', 'KHOO SELINA', 'MURATA A', 'IWASE H', 'NORMAN EMILY', 'SHERBURN MARGARET', 'OSBORNE RICHARD H', 'OFLI FERDA', 'KURILLO GREGORIJ', 'OBDRZALEK STEPAN', 'RODRIGUEZ MD', 'ROA JR', 'MORAN AL', 'RUTTKAY ZSOFIA', 'ZWIERS JOB', 'VAN WELBERGEN HERWIN', 'SALLIS JF', 'SAELENS BE', 'SILVEIRA PATRICIA', 'VAN DE LANGENBERG ROLF', 'VAN HET REVE EVA', 'STEFFEN D', 'BLESER G', 'WEBER M', 'TRIPETTE JULIEN', 'MURAKAMI HARUKA', 'GANDO YUKO', 'TUDOR-LOCKE C', 'SISSON SB', 'LEE SM', 'WARREN JANET M', 'EKELUND ULF', 'BESSON HERVE', 'WATSON ALICE', 'BICKMORE TIMOTHY', 'CANGE ABBY', 'WOJCICKI THOMAS R', 'FANNING JASON', 'AWICK ELIZABETH A'];IEEE PERVASIVE COMPUTING;Russia
Current problems of meteorological radiolocation;['ZHUKOV VY', 'SHCHUKIN GG'];['JANSSEN LH', 'VANDERSPEK GA', 'RYZHKOV ALEXANDER', 'DIEDERICH MALTE', 'ZHANG PENGFEI', 'ZRNIC DS', 'RYZHKOV AV'];JOURNAL OF COMMUNICATIONS TECHNOLOGY AND ELECTRONICS;Russia
Optimization of two-dimensional periodic structures with cross-shaped aperture elements;['ALAVERDYAN SA', 'KABANOV IN', 'KOMAROV VV', 'MESHCHANOV VP'];"['DICKIE RAYMOND', 'CAHILL ROBERT', 'FUSCO VINCENT', 'LI BO', 'SHEN ZHONGXIANG', 'MACDONALD ME', 'ALEXANIAN A', 'YORK RA', ""MAL'TSEV V P"", 'SHATROV A D', 'MELO ARLINE M', 'KORNBERG MARIANO A', 'KAUFMANN PIERRE', 'PORTERFIELD DW', 'HESLER JL', 'DENSING R', 'VEGESNA SUBASH', 'ZHU YANHAN', 'BERNUSSI AYRTON']";JOURNAL OF COMMUNICATIONS TECHNOLOGY AND ELECTRONICS;Russia
